X00,X01,X02,X03,X04,X05,X06,X07,X08,X09,X10,X11,Target
28.28,65.02,7.426,5.253,0.025,903.0,0.41,0.0,-0.2,29.6,81.0,29.413,32.361
28.21,64.71,6.713,5.683,0.015,1342.0,-0.35,0.0,-0.2,11.0,98.0,33.283,32.353
28.26,64.88,7.726,5.179,-0.02,1898.0,-0.48,0.0,0.1,21.4,81.0,31.987,32.368
28.3,64.71,7.301,5.198,0.018,287.0,-0.48,0.0,0.0,43.8,81.0,273.24,32.422
28.23,64.99,8.501,5.131,0.1,2451.0,-0.35,0.0,-0.1,30.8,81.0,29.815,32.291
28.26,64.83,7.432,5.523,0.001,842.0,-0.44,0.0,-0.1,12.2,98.0,24.12,32.479
28.29,64.5,7.061,5.311,0.04,2290.0,-0.35,0.0,-0.1,25.2,-81.36,24.79,32.495
28.25,64.71,5.853,5.384,0.136,1683.0,-0.43,0.0,0.1,66.8,81.0,29.046,32.33
28.26,65.09,6.984,5.246,0.113,770.0,-0.11,0.0,0.1,10.0,-81.36,29.279,32.44
28.22,64.74,8.299,5.365,0.081,491.0,-0.35,0.0,-0.1,66.2,81.0,29.046,32.342
28.26,64.88,6.384,5.8,0.014,891.0,-0.35,0.0,-0.1,55.2,98.0,23.187,32.322
28.27,64.71,7.913,5.629,0.113,861.0,0.45,0.0,0.1,39.0,98.0,38.86,32.41
28.23,65.02,7.836,5.533,0.128,2076.0,0.45,0.0,0.4,29.0,-81.36,26.264,32.406
28.25,64.74,7.517,5.447,0.042,489.0,-0.15,0.0,-0.2,10.0,98.0,38.994,32.445
28.24,64.45,6.642,5.254,0.082,2444.0,-0.43,0.0,-0.1,12.8,-81.36,24.924,32.264
28.2,64.91,7.33,5.216,0.001,1432.0,0.2,0.0,-0.1,64.4,98.0,29.949,32.428
28.23,64.88,7.557,5.482,-0.015,1464.0,-0.19,0.0,-0.2,50.4,98.0,24.12,32.345
28.3,64.89,7.863,5.18,0.099,1999.0,-0.35,0.0,-0.2,10.0,-81.36,31.987,32.357
28.19,64.76,6.978,5.247,0.038,2212.0,0.19,0.0,0.0,57.0,81.0,31.783,32.308
28.34,64.7,6.206,5.561,0.151,1256.0,0.2,0.0,-0.1,47.0,98.0,35.376,32.468
28.23,64.63,6.123,5.056,-0.023,2251.0,0.11,0.0,0.1,10.0,81.0,24.723,32.279
28.37,65.07,7.806,5.58,0.076,655.0,0.19,0.0,0.1,17.8,98.0,34.907,32.604
28.26,64.91,7.755,5.611,0.092,2843.0,-0.15,0.0,0.1,41.8,81.0,25.354,32.425
28.31,65.06,7.864,5.511,0.049,609.0,-0.15,0.0,0.1,55.8,81.0,34.907,32.326
28.23,64.91,5.961,4.958,0.062,2175.0,-0.43,0.0,-0.2,11.2,81.0,26.264,32.323
28.26,64.74,8.337,5.349,0.131,470.0,-0.42,0.0,0.1,44.4,98.0,29.114,32.414
28.29,64.48,6.761,5.12,-0.008,2261.0,-0.19,0.0,0.0,10.0,81.0,25.058,32.328
28.27,64.51,7.065,5.373,0.061,1137.0,-0.43,0.0,0.0,10.0,98.0,39.731,32.456
28.34,64.91,7.597,5.108,0.083,462.0,-0.44,0.0,0.3,10.0,98.0,25.862,32.425
28.3,64.76,7.541,5.012,0.093,2212.0,0.16,0.0,-0.1,17.2,98.0,26.063,32.362
28.1,64.8,7.574,5.184,0.025,402.0,-0.43,0.0,-0.1,10.0,98.0,24.735,32.298
28.13,64.81,7.672,5.641,0.028,705.0,-0.44,0.0,0.1,34.6,98.0,33.283,32.295
28.19,65.0,8.087,5.821,0.109,3306.0,-0.15,0.0,-0.2,35.4,81.0,24.127,32.385
28.24,64.99,8.576,5.21,0.148,547.0,0.0,0.0,0.3,41.2,81.0,27.537,32.229
28.22,64.98,8.04,5.528,0.087,1564.0,0.13,0.0,-0.1,30.0,-81.36,37.963,32.341
28.29,64.84,6.903,5.564,-0.048,1324.0,-0.4,0.0,-0.2,47.8,81.0,25.422,32.399
28.27,64.95,7.734,5.243,0.135,2202.0,-0.4,0.0,-0.1,65.4,98.0,31.851,32.469
28.26,65.2,7.104,5.604,0.046,1119.0,-0.43,0.0,-0.2,43.8,-22.36,27.47,32.421
28.25,64.86,6.821,5.427,0.099,953.0,-0.44,0.0,-0.2,52.4,-81.36,30.686,32.373
28.29,64.71,6.78,5.748,0.071,424.0,-0.15,0.0,-0.1,57.6,81.0,33.283,32.48
28.28,64.62,6.888,5.644,0.064,1277.0,0.16,0.0,-0.3,64.0,98.0,280.14,32.426
28.24,64.81,7.476,5.402,0.056,968.0,0.41,0.0,-0.1,62.2,-81.36,24.187,32.417
28.23,65.03,8.145,5.532,0.008,1268.0,-0.11,0.0,-0.05,63.2,81.0,24.33,32.374
28.2,64.72,6.319,5.462,0.036,696.0,-0.35,0.0,-0.1,59.4,-81.36,39.396,32.23
28.2,64.93,7.627,5.275,0.025,2457.0,-0.48,0.0,-0.2,22.0,98.0,29.48,32.317
28.33,64.64,7.163,5.468,0.046,1271.0,-0.4,0.0,-0.1,43.0,98.0,276.0,32.421
28.27,65.07,6.206,5.413,0.073,1318.0,-0.35,0.0,-0.1,12.8,98.0,31.021,32.494
28.23,65.05,6.2,5.212,0.095,2049.0,-0.43,0.0,-0.1,69.0,81.0,29.614,32.376
28.2,64.88,8.476,5.706,0.07,2545.0,-0.36,0.0,-0.2,47.4,81.0,38.099,32.235
28.25,65.16,6.469,5.295,0.047,981.0,0.17,0.0,0.2,61.0,98.0,29.48,32.493
28.19,64.49,6.895,5.143,0.076,2261.0,0.2,0.0,-0.1,35.6,98.0,25.058,32.312
28.17,64.84,8.325,5.49,0.086,2790.0,-0.48,0.0,-0.1,23.0,81.0,38.031,32.145
28.23,64.76,7.668,5.863,0.112,830.0,-0.43,0.0,0.3,62.8,81.0,23.529,32.263
28.26,64.85,7.268,5.039,0.057,634.0,-0.15,0.0,0.4,46.4,81.0,25.996,32.21
28.29,64.73,7.349,5.325,0.07,413.0,0.17,0.0,-0.1,28.4,81.0,274.62,32.407
28.26,64.78,6.107,5.494,0.03,1951.0,-0.19,0.0,-0.2,33.6,98.0,35.108,32.379
28.22,64.71,6.855,5.383,0.021,2321.0,0.49,0.0,-0.1,30.6,98.0,24.465,32.435
28.23,64.85,6.802,5.763,0.118,1235.0,-0.11,0.0,-0.1,23.2,98.0,23.324,32.403
28.24,64.99,6.51,5.237,0.003,1376.0,0.0,0.0,-0.2,50.6,98.0,23.852,32.457
28.27,64.88,7.399,5.106,0.086,586.0,0.45,0.0,0.2,10.0,-81.36,25.929,32.34
28.23,64.98,7.736,5.291,0.055,2060.0,-0.35,0.0,-0.3,10.8,98.0,29.346,32.441
28.26,64.87,7.797,5.237,-0.003,2084.0,0.15,0.0,-0.1,42.4,98.0,31.851,32.482
28.4,64.77,5.927,5.735,0.023,1454.0,0.16,0.0,0.1,35.8,98.0,33.351,32.441
28.19,64.84,7.255,5.224,0.029,881.0,0.0,0.0,0.1,69.2,81.0,24.12,32.3
28.12,64.96,8.148,5.444,0.005,955.0,-0.35,0.0,-0.1,53.8,81.0,24.465,32.239
28.1,65.0,6.801,5.612,0.059,1837.0,-0.39,0.0,0.0,58.0,81.0,37.721,32.155
28.28,64.72,6.902,5.262,0.02,1308.0,-0.44,0.0,0.0,10.0,81.0,29.046,32.361
28.23,65.12,8.302,5.239,0.167,2681.0,0.41,0.0,-0.2,10.0,81.0,29.614,32.249
28.27,64.77,7.295,5.334,0.136,1245.0,0.0,0.0,-0.1,28.6,81.0,274.62,32.315
28.36,64.66,5.978,5.577,0.098,1844.0,0.0,0.0,0.1,38.2,81.0,35.309,32.382
28.27,64.88,7.38,5.504,0.069,944.0,-0.48,0.0,-0.1,48.2,81.0,24.12,32.233
28.26,65.0,7.229,5.466,0.054,657.0,0.45,0.0,0.1,10.0,98.0,31.021,32.531
28.2,64.91,6.805,5.442,0.099,785.0,0.13,0.0,0.1,64.6,81.0,30.753,32.265
28.27,65.02,7.812,5.235,0.037,1927.0,0.2,0.0,0.0,42.2,81.0,29.681,32.394
28.23,64.7,7.448,5.551,0.079,521.0,-0.4,0.0,-0.2,14.8,81.0,276.0,32.278
28.22,64.89,7.877,5.145,0.055,2463.0,-0.11,0.0,0.0,10.0,98.0,31.919,32.375
28.28,64.65,7.562,5.324,-0.029,996.0,-0.35,0.0,-0.1,10.0,81.0,29.318,32.344
28.31,64.72,5.195,5.313,0.085,1567.0,0.2,0.0,-0.2,45.8,98.0,29.182,32.368
28.17,64.8,7.803,5.239,0.08,2925.0,0.17,0.0,0.1,10.0,81.0,31.647,32.247
28.25,64.7,6.163,5.297,-0.072,1179.0,0.16,0.0,-0.1,10.4,81.0,28.977,32.332
28.17,64.83,8.48,5.615,0.085,2859.0,-0.39,0.0,-0.2,67.4,98.0,38.099,32.311
28.15,64.85,6.205,4.887,-0.003,1107.0,0.13,0.0,-0.2,54.8,81.0,37.922,32.319
28.17,64.82,7.222,5.176,0.052,445.0,-0.11,0.0,-0.3,38.4,98.0,24.667,32.457
28.25,64.92,6.353,5.537,0.07,878.0,-0.3,0.0,-0.1,10.0,-81.36,25.829,32.335
28.28,64.82,7.268,5.672,0.042,737.0,-0.11,0.0,0.4,49.6,98.0,33.215,32.394
28.35,64.55,7.078,5.087,0.071,1568.0,-0.19,0.0,0.5,49.6,98.0,24.991,32.541
28.28,64.76,6.927,5.246,0.046,2990.0,-0.48,0.0,0.1,26.4,81.0,31.647,32.425
28.2,64.97,7.553,5.335,0.168,757.0,-0.44,0.0,0.4,34.8,81.0,26.331,32.296
28.27,64.93,8.077,5.573,0.027,2863.0,-0.19,0.0,-0.2,19.6,81.0,25.422,32.301
28.24,64.81,6.277,5.114,0.072,515.0,-0.4,0.0,-0.1,16.0,81.0,26.398,32.434
28.09,64.8,6.859,5.194,0.072,1988.0,0.2,0.0,-0.2,10.0,81.0,24.33,32.281
28.2,65.11,6.935,5.258,0.111,709.0,0.19,0.0,-0.1,63.4,81.0,29.279,32.22
28.25,64.75,6.17,5.677,0.072,1518.0,-0.4,0.0,-0.1,13.0,-81.36,35.242,32.462
28.27,64.99,7.922,5.195,0.133,2241.0,-0.43,0.0,-0.2,52.8,81.0,29.748,32.377
28.27,64.9,7.171,5.277,0.067,417.0,-0.35,0.0,0.1,10.0,98.0,272.55,32.354
28.32,64.7,7.475,5.415,0.064,473.0,-0.44,0.0,0.4,60.0,98.0,275.31,32.432
28.24,64.97,8.15,5.281,0.02,1257.0,0.49,0.0,-0.3,52.8,81.0,27.537,32.379
28.21,64.71,4.12,5.373,0.049,1823.0,-0.4,0.0,0.3,56.0,-81.36,30.016,32.38
28.22,65.01,6.728,5.309,0.066,1311.0,0.19,0.0,-0.1,54.0,81.0,29.614,32.438
28.24,64.9,6.909,5.847,0.039,759.0,-0.35,0.0,0.0,47.2,81.0,23.324,32.267
28.32,64.91,7.359,5.238,0.045,725.0,-0.39,0.0,-0.3,69.6,81.0,23.986,32.49
28.23,64.89,7.125,5.268,0.09,1198.0,-0.4,0.0,0.0,33.2,81.0,29.413,32.331
28.22,64.68,7.743,5.626,0.019,974.0,0.41,0.0,-0.1,29.0,98.0,38.86,32.362
28.28,64.8,7.351,5.052,0.05,372.0,-0.48,0.0,-0.2,40.8,81.0,25.996,32.351
28.28,64.79,6.158,5.625,0.031,2174.0,-0.19,0.0,-0.2,40.4,98.0,35.175,32.35
28.29,65.06,6.012,5.352,0.087,1005.0,-0.11,0.0,-0.1,26.2,98.0,29.547,32.537
28.21,64.89,7.865,5.214,0.06,2254.0,0.41,0.0,-0.3,48.2,81.0,32.054,32.269
28.22,65.06,7.473,5.446,0.074,1115.0,-0.44,0.0,0.0,47.4,81.0,31.021,32.302
28.3,64.52,7.101,5.475,0.023,1182.0,0.41,0.0,-0.2,29.4,81.0,39.731,32.46
28.26,64.73,6.798,5.552,0.171,2416.0,-0.35,0.0,-0.1,54.8,81.0,35.376,32.233
28.17,64.6,6.14,5.232,0.061,2383.0,-0.4,0.0,0.0,16.0,-81.36,24.589,32.305
28.25,64.7,5.618,5.333,0.109,1636.0,-0.43,0.0,0.1,56.6,81.0,29.114,32.345
28.25,65.08,6.666,5.299,-0.026,1746.0,-0.19,0.0,0.1,10.0,81.0,29.614,32.27
28.22,64.79,6.739,5.202,0.078,2325.0,0.13,0.0,0.4,66.2,98.0,24.656,32.401
28.26,64.86,7.244,5.191,0.104,379.0,0.0,0.0,0.5,15.6,81.0,271.86,32.299
28.32,64.71,6.984,5.633,0.096,1253.0,-0.44,0.0,-0.1,10.8,98.0,274.62,32.452
28.3,65.05,6.91,5.245,0.031,790.0,0.41,0.0,0.0,62.4,81.0,29.279,32.336
28.17,64.98,7.713,5.351,0.053,886.0,-0.15,0.0,-0.1,17.8,81.0,20.502,32.228
28.25,64.86,7.521,5.683,0.047,623.0,0.45,0.0,-0.2,23.4,98.0,33.215,32.535
28.26,64.99,6.135,5.483,0.063,1074.0,-0.43,0.0,0.1,18.8,81.0,30.753,32.212
28.35,64.84,7.267,5.775,0.05,578.0,0.16,0.0,0.1,36.8,98.0,33.215,32.461
28.2,64.99,6.048,5.808,0.1,1490.0,-0.44,0.0,0.5,41.4,81.0,23.256,32.174
28.26,64.62,6.279,5.077,0.04,2331.0,-0.4,0.0,-0.1,55.8,81.0,24.656,32.285
28.3,64.63,7.034,5.64,0.071,870.0,0.16,0.0,-0.1,40.0,98.0,277.38,32.49
28.31,64.96,8.432,5.689,0.112,2277.0,-0.36,0.0,-0.3,10.0,98.0,37.963,32.488
28.26,64.69,5.344,5.346,0.059,1716.0,-0.15,0.0,0.4,21.6,-81.36,29.114,32.357
28.12,64.99,7.41,5.442,0.077,1696.0,-0.43,0.0,-0.1,10.0,98.0,37.922,32.344
28.21,65.06,7.385,5.477,0.078,571.0,-0.35,0.0,0.1,49.2,98.0,37.922,32.378
28.26,64.81,7.905,5.436,0.059,1143.0,-0.48,0.0,-0.1,41.8,81.0,273.93,32.411
28.27,65.24,6.775,5.594,0.019,1308.0,0.16,0.0,-0.1,10.0,-81.36,27.336,32.337
28.19,64.66,8.123,5.36,0.117,2506.0,-0.35,0.0,0.0,32.4,98.0,39.664,32.296
28.25,64.73,7.103,5.187,0.05,2144.0,-0.44,0.0,-0.1,30.6,81.0,24.723,32.419
28.33,64.68,7.235,5.437,0.072,1166.0,-0.35,0.0,-0.1,46.4,98.0,273.93,32.518
28.22,64.94,7.403,5.257,-0.02,832.0,0.45,0.0,0.4,10.0,-81.36,23.986,32.351
28.28,64.68,7.844,5.676,0.056,996.0,-0.19,0.0,-0.1,32.0,98.0,38.994,32.406
28.23,64.95,7.556,5.747,-0.036,543.0,0.11,0.0,0.0,10.0,81.0,33.351,32.318
28.29,64.65,6.282,5.459,0.051,1513.0,0.41,0.0,-0.2,33.2,81.0,39.463,32.451
28.29,64.75,6.123,5.408,0.118,982.0,0.19,0.0,-0.2,22.8,98.0,28.609,32.512
28.27,64.84,6.419,5.374,0.15,734.0,-0.3,0.0,-0.2,22.2,98.0,273.24,32.461
28.18,64.92,7.191,5.33,0.064,752.0,-0.43,0.0,-0.1,39.2,98.0,20.502,32.358
28.19,64.73,8.271,5.338,0.05,409.0,-0.48,0.0,0.1,12.6,81.0,28.841,32.198
28.15,64.54,7.018,5.279,0.046,823.0,0.13,0.0,-0.2,53.8,98.0,21.105,32.274
28.16,65.01,6.523,5.236,0.047,2212.0,0.19,0.0,-0.2,59.8,98.0,29.681,32.333
28.22,64.94,7.976,5.159,0.014,884.0,-0.35,0.0,-0.1,65.6,81.0,27.47,32.164
28.32,64.97,7.674,5.535,0.083,798.0,-0.36,0.0,-0.1,33.4,98.0,37.827,32.507
28.31,64.81,7.67,5.558,0.118,2753.0,-0.43,0.0,-0.1,10.0,98.0,25.625,32.491
28.23,64.49,6.737,5.143,0.053,2377.0,-0.35,0.0,-0.2,21.4,81.0,25.125,32.314
28.23,64.6,7.229,5.249,0.056,605.0,0.0,0.0,-0.1,28.4,81.0,277.38,32.292
28.21,64.95,7.038,5.293,0.134,772.0,0.45,0.0,0.0,10.0,81.0,20.569,32.298
28.3,64.95,6.869,5.923,0.061,942.0,-0.44,0.0,-0.3,53.0,98.0,23.119,32.544
28.22,64.82,7.143,5.816,0.033,858.0,-0.15,0.0,0.1,10.0,-81.36,23.256,32.414
28.24,64.63,7.919,5.793,0.117,553.0,-0.35,0.0,-0.2,21.0,81.0,38.994,32.312
28.19,64.88,6.402,5.792,-0.036,1067.0,-0.3,0.0,-0.1,14.4,81.0,23.187,32.223
28.15,65.06,6.281,5.242,0.038,1191.0,-0.48,0.0,0.4,58.2,-81.36,31.088,32.262
28.28,65.08,6.441,5.295,0.085,1346.0,0.17,0.0,0.4,64.8,81.0,29.547,32.431
28.32,64.76,8.8,5.373,0.053,420.0,-0.35,0.0,0.1,42.0,98.0,38.927,32.481
28.18,64.51,6.809,5.136,0.104,2288.0,-0.19,0.0,-0.2,69.0,98.0,25.058,32.395
28.31,64.57,7.342,5.368,0.051,1076.0,-0.04,0.0,0.4,19.6,-81.36,39.731,32.481
28.16,64.88,7.498,5.413,0.103,664.0,0.2,0.0,0.4,21.2,98.0,24.254,32.333
28.27,65.01,6.595,5.219,-0.037,964.0,-0.35,0.0,-0.1,25.2,81.0,23.852,32.354
28.28,64.96,8.11,5.236,0.1,732.0,-0.35,0.0,0.4,25.8,81.0,27.403,32.285
28.21,64.61,6.855,5.425,0.06,1439.0,-0.03,0.0,0.3,29.2,-81.36,28.877,32.305
28.16,64.83,6.943,5.813,0.033,950.0,-0.4,0.0,-0.3,59.6,98.0,23.324,32.35
28.16,64.48,7.019,5.13,-0.022,2270.0,-0.43,0.0,-0.2,64.2,98.0,25.058,32.318
28.32,64.61,7.221,5.658,0.093,903.0,-0.4,0.0,-0.2,53.6,98.0,276.0,32.452
28.27,64.64,8.15,5.333,0.033,333.0,-0.04,0.0,-0.1,10.0,98.0,29.114,32.316
28.29,64.98,6.127,5.482,0.04,923.0,-0.35,0.0,0.0,44.0,-81.36,30.82,32.381
28.3,64.87,6.423,5.315,0.087,943.0,0.49,0.0,0.3,58.0,81.0,272.55,32.309
28.25,64.93,7.179,5.222,0.004,1854.0,-0.48,0.0,-0.2,42.6,98.0,30.016,32.493
28.23,64.82,5.949,5.104,0.067,2349.0,0.13,0.0,0.4,66.2,98.0,24.388,32.403
28.28,64.59,6.155,5.309,0.05,948.0,-0.11,0.0,0.0,10.0,81.0,39.597,32.281
28.27,65.03,7.79,5.372,0.056,408.0,0.45,0.0,-0.2,11.8,81.0,38.86,32.348
28.3,64.82,7.272,5.094,0.066,2169.0,-0.4,0.0,-0.1,34.0,98.0,25.929,32.517
28.25,64.78,6.906,5.457,0.093,758.0,-0.4,0.0,0.1,26.6,-23.36,31.021,32.389
28.25,64.48,6.814,5.415,0.083,1596.0,-0.19,0.0,0.0,32.6,81.0,29.011,32.265
28.29,64.58,7.248,5.444,0.064,1534.0,0.16,0.0,0.4,10.0,-81.36,39.731,32.528
28.25,64.96,6.244,5.263,0.043,668.0,-0.44,0.0,0.4,53.8,-81.36,29.681,32.318
28.26,64.66,6.349,5.111,0.074,2516.0,-0.11,0.0,-0.1,43.8,-81.36,24.388,32.364
28.31,64.69,5.816,5.501,0.048,1557.0,-0.39,0.0,-0.1,63.0,81.0,35.376,32.393
28.16,64.98,7.268,5.323,0.127,877.0,-0.4,0.0,0.1,20.2,81.0,20.569,32.198
28.17,65.16,5.872,5.224,-0.023,940.0,-0.44,0.0,0.1,50.8,81.0,27.202,32.191
28.19,64.68,6.796,5.646,0.067,924.0,0.2,0.0,0.4,46.6,98.0,33.487,32.296
28.23,64.9,7.305,5.317,0.09,2920.0,-0.39,0.0,0.0,20.4,81.0,29.882,32.294
28.29,64.86,7.913,5.164,0.063,2073.0,-0.35,0.0,-0.2,56.8,81.0,31.987,32.384
28.25,64.82,6.328,5.271,0.125,739.0,-0.38,0.0,0.4,10.0,98.0,274.62,32.281
28.13,64.84,6.198,5.506,0.109,1480.0,-0.44,0.0,0.4,55.2,81.0,38.056,32.193
28.22,65.04,6.041,5.262,0.09,1175.0,0.47,0.0,0.0,37.6,81.0,27.403,32.23
28.29,64.84,7.6,5.273,0.032,2687.0,-0.35,0.0,-0.2,10.0,-81.36,31.783,32.439
28.3,64.93,8.558,5.57,0.062,2768.0,0.2,0.0,-0.2,31.8,81.0,25.422,32.411
28.28,64.62,6.827,5.325,0.114,1197.0,-0.35,0.0,0.2,56.2,81.0,28.81,32.424
28.26,64.99,6.906,5.713,0.049,956.0,-0.43,0.0,0.3,50.8,81.0,20.502,32.391
28.28,65.04,6.004,5.234,0.104,916.0,-0.39,0.0,0.2,47.6,81.0,27.403,32.273
28.32,64.8,7.142,5.578,0.074,1280.0,-0.4,0.0,-0.2,69.6,-81.36,25.422,32.463
28.29,64.88,5.992,5.124,-0.147,561.0,0.45,0.0,0.0,40.6,-22.36,26.197,32.441
28.23,65.16,8.087,5.228,0.036,1117.0,-0.35,0.0,-0.1,10.0,81.0,29.48,32.264
28.27,64.84,7.273,5.193,0.096,244.0,0.49,0.0,0.1,64.8,81.0,271.86,32.365
28.24,64.97,8.555,5.512,0.156,1365.0,-0.48,0.0,-0.1,56.4,81.0,37.895,32.384
28.21,64.97,6.432,5.227,0.014,1008.0,-0.4,0.0,0.0,36.0,81.0,23.986,32.363
28.33,64.85,7.854,5.541,0.047,1732.0,-0.35,0.0,0.1,51.4,-81.36,25.557,32.475
28.17,64.72,7.943,5.591,0.077,2705.0,-0.36,0.0,-0.2,23.0,-81.36,26.599,32.306
28.3,64.86,7.199,5.598,0.094,931.0,-0.36,0.0,-0.1,65.4,98.0,25.693,32.488
28.17,65.15,5.925,4.824,0.072,2736.0,-0.4,0.0,-0.1,32.8,98.0,27.202,32.385
28.29,65.06,7.807,5.56,0.083,876.0,0.19,0.0,0.4,13.2,98.0,34.84,32.512
28.27,65.0,7.917,5.252,0.1,1890.0,-0.35,0.0,-0.2,10.0,81.0,29.748,32.379
28.26,64.98,6.953,5.457,-0.006,530.0,0.2,0.0,-0.2,22.0,81.0,30.82,32.385
28.21,65.04,8.114,5.273,0.026,1407.0,-0.48,0.0,-0.1,23.0,98.0,24.262,32.46
28.16,64.83,8.063,5.508,0.076,2801.0,-0.3,0.0,0.5,61.2,81.0,26.264,32.393
28.28,65.11,7.402,5.437,0.065,757.0,-0.48,0.0,0.0,21.8,81.0,30.753,32.242
28.2,64.99,8.233,5.403,0.08,813.0,-0.11,0.0,0.0,10.0,98.0,24.262,32.375
28.27,64.64,6.245,5.128,0.004,2206.0,0.11,0.0,0.1,16.0,81.0,24.723,32.275
28.3,64.89,7.265,5.85,0.064,763.0,-0.04,0.0,-0.1,36.2,-81.36,23.187,32.329
28.33,65.03,7.547,5.402,0.067,1554.0,-0.11,0.0,0.4,44.6,98.0,38.726,32.475
28.23,64.97,7.518,5.164,0.094,753.0,-0.15,0.0,0.2,47.8,81.0,23.919,32.408
28.23,64.83,7.047,5.045,0.076,1553.0,-0.04,0.0,0.0,77.4,-81.36,27.47,32.364
28.28,64.91,6.96,5.557,0.047,990.0,-0.4,0.0,0.4,55.8,98.0,25.693,32.381
28.25,64.67,6.955,5.121,0.053,2246.0,0.0,0.0,-0.2,57.4,81.0,24.857,32.386
28.27,64.59,5.987,5.141,0.048,2181.0,0.0,0.0,-0.2,10.0,81.0,24.589,32.349
28.27,64.92,7.749,5.561,0.052,1220.0,0.49,0.0,-0.3,17.8,98.0,37.759,32.55
28.33,65.09,7.841,5.439,0.154,341.0,-0.48,0.0,0.4,67.8,81.0,34.907,32.335
28.16,64.76,7.904,5.229,-0.041,2302.0,0.22,0.0,-0.1,28.2,98.0,31.783,32.274
28.34,64.67,6.32,5.612,0.097,1437.0,0.0,0.0,-0.1,10.4,-81.36,35.309,32.46
28.08,64.94,6.833,5.598,0.034,1672.0,-0.39,0.0,0.0,57.6,81.0,37.721,32.155
28.22,65.02,7.142,5.632,0.049,559.0,-0.11,0.0,0.0,32.0,98.0,27.47,32.367
28.2,64.92,7.919,5.534,0.077,981.0,0.2,0.0,0.0,15.0,-81.36,26.465,32.431
28.22,65.1,5.964,5.587,-0.01,566.0,-0.4,0.0,-0.1,63.6,98.0,27.671,32.441
28.28,64.63,5.277,5.114,0.072,2865.0,0.16,0.0,0.3,10.0,98.0,24.656,32.541
28.27,64.68,7.274,5.618,0.071,1921.0,-0.11,0.0,0.4,27.4,81.0,276.0,32.452
28.32,64.81,6.349,5.248,0.12,1844.0,-0.3,0.0,0.0,33.0,98.0,31.851,32.459
28.2,65.06,6.161,5.357,0.063,1557.0,-0.35,0.0,-0.3,20.6,98.0,29.614,32.383
28.15,64.9,6.174,5.387,0.026,1522.0,0.16,0.0,-0.1,10.0,98.0,37.989,32.327
28.21,65.05,6.676,5.272,0.026,1252.0,0.49,0.0,-0.1,33.6,81.0,29.748,32.361
28.24,65.0,7.252,5.284,0.093,1640.0,-0.04,0.0,-0.3,39.4,81.0,29.547,32.341
28.23,65.07,6.641,5.277,0.089,1289.0,0.2,0.0,0.5,66.0,81.0,29.547,32.335
28.24,64.9,6.945,5.379,0.146,775.0,-0.36,0.0,0.1,32.4,98.0,30.753,32.459
28.29,64.78,6.973,5.215,0.125,2589.0,0.49,0.0,-0.1,39.4,-81.36,31.715,32.47
28.08,64.96,6.815,5.571,0.111,2174.0,-0.35,0.0,0.4,59.0,81.0,37.788,32.137
28.22,65.08,7.891,5.209,0.059,896.0,-0.19,0.0,0.0,65.2,-81.36,27.47,32.326
28.3,64.92,8.87,5.11,-0.003,625.0,0.0,0.0,0.0,50.2,98.0,27.403,32.385
28.26,64.87,5.996,5.899,-0.014,916.0,-0.44,0.0,0.0,10.0,81.0,23.119,32.337
28.2,64.76,7.944,5.242,0.084,1808.0,-0.48,0.0,-0.4,51.4,81.0,31.987,32.229
28.23,64.83,5.916,5.112,0.08,683.0,0.45,0.0,-0.1,33.4,81.0,26.063,32.364
28.26,64.6,6.226,5.218,0.013,2361.0,0.19,0.0,-0.1,62.8,81.0,24.79,32.42
28.21,64.59,8.335,5.454,0.075,752.0,0.13,0.0,0.3,61.6,98.0,39.664,32.398
28.24,64.88,7.833,5.188,0.127,2335.0,-0.4,0.0,-0.1,10.0,98.0,31.919,32.482
28.23,64.89,7.003,5.558,0.106,1749.0,-0.39,0.0,0.1,55.2,-81.36,26.398,32.449
28.34,64.67,6.005,5.47,0.109,873.0,-0.4,0.0,-0.3,23.2,81.0,39.53,32.386
28.23,64.78,8.098,5.519,0.079,1059.0,-0.4,0.0,0.0,65.8,98.0,26.599,32.469
28.2,64.89,7.491,5.208,0.033,1390.0,-0.36,0.0,0.1,61.6,81.0,29.614,32.283
28.28,64.69,7.276,5.266,0.107,1144.0,-0.35,0.0,0.0,34.8,81.0,29.114,32.435
28.32,64.81,6.312,5.163,0.056,1826.0,0.17,0.0,0.4,26.8,81.0,24.455,32.496
28.22,64.67,4.585,5.442,0.041,1651.0,-0.19,0.0,-0.1,10.0,98.0,39.53,32.366
28.21,64.89,6.936,5.473,0.153,914.0,-0.4,0.0,-0.1,51.8,81.0,30.686,32.266
28.31,65.08,6.506,5.491,0.065,1163.0,-0.36,0.0,-0.1,65.4,81.0,31.021,32.357
28.25,65.11,7.844,5.612,0.069,335.0,-0.11,0.0,-0.1,36.8,81.0,34.907,32.176
28.26,64.72,7.999,5.374,0.059,707.0,0.2,0.0,0.1,39.0,81.0,29.25,32.398
28.29,64.87,7.765,5.239,0.076,1831.0,-0.35,0.0,-0.2,59.2,81.0,31.783,32.265
28.18,64.83,7.246,5.395,0.003,816.0,0.2,0.0,0.0,32.4,98.0,38.056,32.325
28.22,64.82,6.82,5.522,0.086,919.0,0.41,0.0,-0.2,38.0,81.0,30.887,32.246
28.24,64.84,5.925,4.984,0.032,487.0,-0.43,0.0,0.1,43.8,81.0,26.398,32.363
28.27,65.0,7.587,5.094,0.116,881.0,-0.39,0.0,-0.1,10.0,81.0,29.48,32.376
28.24,64.48,6.774,5.076,0.092,2682.0,-0.44,0.0,-0.1,27.2,98.0,25.058,32.564
28.26,64.98,6.157,5.478,0.082,969.0,-0.43,0.0,0.1,16.8,81.0,30.753,32.211
28.35,65.09,7.906,5.591,0.101,555.0,0.13,0.0,0.4,52.8,-23.36,34.84,32.513
28.33,64.85,6.305,5.868,0.037,841.0,-0.19,0.0,-0.2,25.4,81.0,23.187,32.31
28.23,64.76,7.446,5.645,-0.041,304.0,-0.4,0.0,-0.1,10.0,81.0,33.283,32.401
28.23,65.12,6.351,5.3,0.041,1179.0,-0.44,0.0,-0.2,31.8,81.0,29.547,32.228
28.29,65.09,6.117,5.314,0.11,592.0,-0.39,0.0,-0.1,10.0,81.0,29.346,32.387
28.21,65.0,7.472,5.255,0.035,1248.0,-0.19,0.0,-0.1,13.8,81.0,29.346,32.295
28.29,64.91,6.578,5.354,0.062,2665.0,0.0,0.0,0.0,18.0,81.0,29.949,32.378
28.26,64.63,6.133,5.442,0.048,707.0,-0.48,0.0,0.1,11.2,98.0,39.463,32.467
28.3,64.97,7.624,5.57,-0.054,2666.0,-0.4,0.0,-0.3,44.6,81.0,37.895,32.533
28.12,64.86,6.96,5.372,0.078,1104.0,-0.19,0.0,0.1,52.2,98.0,37.989,32.368
28.19,64.79,7.087,5.056,0.033,2205.0,0.41,0.0,0.0,41.4,98.0,26.063,32.438
28.22,64.84,7.735,5.224,0.089,2423.0,-0.44,0.0,-0.2,48.4,81.0,31.647,32.269
28.41,64.72,6.408,5.258,-0.003,667.0,-0.04,0.0,-0.2,52.8,81.0,29.182,32.467
28.24,65.08,8.064,5.322,0.079,687.0,0.41,0.0,-0.1,13.6,-81.36,30.954,32.441
28.27,64.78,7.086,5.342,0.173,1470.0,-0.11,0.0,-0.2,43.0,-81.36,29.748,32.387
28.31,64.5,6.968,5.377,0.003,990.0,-0.48,0.0,0.5,10.0,81.0,29.145,32.394
28.31,64.81,8.463,5.589,0.088,1806.0,-0.41,0.0,-0.1,10.0,98.0,25.625,32.476
28.29,65.01,6.521,5.326,-0.026,583.0,-0.35,0.0,-0.1,58.2,81.0,29.681,32.36
28.24,65.04,6.822,5.326,0.012,1396.0,0.19,0.0,-0.1,10.0,81.0,29.681,32.368
28.32,65.15,6.375,5.345,0.095,1593.0,-0.15,0.0,0.0,33.8,81.0,29.882,32.35
28.26,64.88,7.877,5.197,0.093,2006.0,-0.35,0.0,-0.2,35.8,98.0,31.783,32.514
28.17,64.96,7.642,5.484,0.117,820.0,-0.07,0.0,-0.1,20.4,98.0,31.088,32.439
28.22,64.97,8.651,5.223,0.026,687.0,-0.48,0.0,0.0,36.8,98.0,27.403,32.487
28.25,64.67,6.516,5.69,0.037,1031.0,0.0,0.0,0.1,48.0,98.0,33.487,32.362
28.35,64.56,6.285,5.11,0.082,2010.0,0.16,0.0,-0.2,31.6,98.0,24.924,32.501
28.18,64.74,7.888,5.236,0.057,1931.0,-0.35,0.0,-0.2,59.4,81.0,31.919,32.223
28.28,64.71,8.134,5.681,0.132,671.0,-0.4,0.0,-0.3,34.6,81.0,38.86,32.358
28.24,64.7,7.778,5.417,0.088,1563.0,0.2,0.0,0.0,72.8,98.0,26.465,32.562
28.22,64.89,8.437,5.608,0.054,2401.0,0.45,0.0,-0.1,48.6,81.0,37.963,32.321
28.21,64.73,8.005,5.625,0.005,676.0,0.19,0.0,0.1,10.0,98.0,38.86,32.264
28.29,65.12,7.706,5.41,0.07,269.0,-0.35,0.0,-0.1,31.0,81.0,34.907,32.204
28.24,64.84,7.252,5.301,0.039,785.0,-0.35,0.0,0.1,55.0,81.0,20.569,32.356
28.28,65.07,6.44,5.366,0.009,861.0,0.11,0.0,-0.1,10.0,98.0,29.748,32.466
28.26,64.78,6.861,5.227,0.095,2083.0,0.2,0.0,0.2,66.6,81.0,31.783,32.45
28.22,64.79,6.648,5.537,0.078,891.0,0.16,0.0,-0.1,12.0,81.0,27.939,32.347
28.33,64.79,6.163,5.583,0.029,1565.0,-0.19,0.0,-0.2,44.8,98.0,35.242,32.505
28.25,64.94,7.448,5.203,0.089,810.0,0.0,0.0,-0.1,16.8,81.0,24.12,32.265
28.3,65.12,6.623,5.382,0.022,1126.0,-0.35,0.0,0.2,29.4,98.0,29.614,32.439
28.24,65.09,6.545,5.298,0.071,1310.0,0.13,0.0,0.2,59.6,81.0,29.614,32.383
28.26,64.74,7.027,5.345,0.104,1736.0,-0.19,0.0,0.1,50.4,81.0,29.046,32.107
28.24,64.7,5.986,5.72,0.12,856.0,-0.11,0.0,-0.1,10.0,81.0,33.419,32.275
28.25,64.89,6.346,4.768,0.038,894.0,-0.015,0.0,-0.1,10.0,98.0,37.855,32.418
28.22,64.99,6.877,5.437,0.034,1168.0,-0.43,0.0,-0.3,50.6,81.0,31.088,32.37
28.29,64.66,6.106,5.112,0.056,2315.0,-0.43,0.0,-0.1,60.6,-81.36,24.589,32.472
28.36,64.78,7.097,5.367,0.132,1752.0,-0.11,0.0,-0.2,67.8,98.0,30.217,32.538
28.26,64.9,7.662,5.458,0.056,1149.0,-0.48,0.0,-0.1,29.6,98.0,26.264,32.522
28.28,64.86,7.311,5.251,0.053,467.0,-0.43,0.0,0.1,69.2,81.0,272.55,32.324
28.26,64.97,8.371,5.218,0.148,578.0,-0.44,0.0,0.1,35.6,-81.36,27.403,32.519
28.26,64.71,6.943,5.518,0.139,1440.0,-0.11,0.0,-0.2,53.0,81.0,274.62,32.403
28.23,64.69,8.232,5.311,0.061,755.0,0.19,0.0,0.1,21.2,-81.36,29.182,32.276
28.27,64.98,8.257,5.568,0.178,908.0,-0.48,0.0,-0.3,10.0,98.0,37.759,32.486
28.27,64.87,8.317,5.214,0.13,739.0,-0.36,0.0,-0.2,25.8,81.0,27.47,32.389
28.26,64.76,7.05,4.965,0.094,2159.0,-0.4,0.0,-0.2,69.4,-22.36,26.063,32.307
28.26,65.15,6.845,5.213,0.094,1489.0,-0.4,0.0,-0.1,55.2,-81.36,29.547,32.43
28.18,64.91,7.112,5.424,0.043,1233.0,-0.07,0.0,-0.1,31.2,-81.36,37.855,32.405
28.25,64.81,6.977,5.009,0.112,2129.0,-0.4,0.0,-0.1,33.2,81.0,25.862,32.38
28.32,64.69,7.591,5.451,0.069,638.0,-0.11,0.0,-0.1,23.2,-81.36,29.182,32.364
28.29,64.77,6.966,5.021,0.053,2247.0,0.16,0.0,0.1,21.6,81.0,25.929,32.401
28.29,64.84,6.421,5.352,0.08,817.0,-0.48,0.0,-0.1,62.0,98.0,273.24,32.435
28.18,64.69,6.489,5.663,0.131,1087.0,0.0,0.0,-0.1,40.2,98.0,33.487,32.267
28.26,64.81,7.52,5.322,0.122,1327.0,0.19,0.0,-0.1,66.0,81.0,29.547,32.265
28.15,64.82,6.978,5.568,0.12,1441.0,0.17,0.0,0.0,32.2,81.0,37.788,32.366
28.16,64.95,8.332,5.622,0.058,1318.0,-0.03,0.0,-0.2,66.2,98.0,37.895,32.362
28.31,64.56,7.03,5.233,0.021,996.0,-0.4,0.0,0.4,39.0,81.0,21.038,32.421
28.27,64.57,7.05,5.3,0.03,765.0,0.16,0.0,0.1,65.4,81.0,21.038,32.313
28.32,64.9,6.819,5.51,0.066,1267.0,-0.48,0.0,-0.3,10.0,-81.36,24.053,32.576
28.24,64.89,7.695,5.241,0.033,1684.0,-0.48,0.0,-0.1,10.0,81.0,31.919,32.374
28.2,64.65,8.228,5.347,-0.027,656.0,0.0,0.0,0.1,30.4,98.0,29.182,32.381
28.32,64.68,7.502,5.511,0.022,718.0,-0.44,0.0,-0.1,18.0,-81.36,273.93,32.414
28.25,64.75,7.886,5.373,0.059,2218.0,0.17,0.0,-0.3,58.6,81.0,26.599,32.493
28.24,64.77,6.919,5.522,0.043,839.0,-0.4,0.0,0.1,26.0,-81.36,31.021,32.33
28.28,64.85,7.362,5.402,0.077,341.0,-0.4,0.0,0.1,32.4,81.0,273.24,32.269
28.26,65.05,6.369,5.332,0.015,1523.0,0.19,0.0,0.1,51.8,98.0,29.48,32.447
28.26,64.89,7.718,5.602,-0.014,2813.0,-0.48,0.0,-0.2,59.2,98.0,37.963,32.443
28.22,64.85,7.796,5.198,0.127,2228.0,-0.43,0.0,0.4,51.0,81.0,32.054,32.254
28.17,64.68,6.593,5.637,-0.022,614.0,-0.42,0.0,-0.1,56.4,81.0,33.487,32.282
28.23,64.97,7.318,5.193,0.049,1863.0,0.45,0.0,-0.2,62.8,81.0,29.815,32.29
28.29,64.72,8.023,5.538,0.043,512.0,-0.43,0.0,0.0,64.8,81.0,38.927,32.398
28.12,64.96,8.022,5.214,0.119,954.0,-0.4,0.0,-0.1,56.6,81.0,27.403,32.127
28.24,64.71,8.455,5.297,0.099,824.0,0.0,0.0,0.3,49.0,98.0,29.182,32.311
28.27,64.78,8.308,5.533,0.077,2211.0,-0.19,0.0,0.1,66.6,98.0,25.557,32.461
28.16,64.98,7.961,5.468,0.051,612.0,-0.4,0.0,0.1,59.2,81.0,26.465,32.231
28.25,65.14,6.496,5.242,0.067,1090.0,0.2,0.0,0.4,30.8,98.0,29.547,32.335
28.19,65.04,8.018,5.234,0.014,1286.0,-0.04,0.0,0.1,27.0,81.0,29.748,32.215
28.29,64.87,8.445,5.527,0.066,2306.0,0.0,0.0,0.1,17.8,98.0,25.354,32.379
28.19,64.63,6.156,5.292,0.008,1326.0,-0.44,0.0,0.0,25.4,81.0,37.989,32.378
28.25,64.56,6.669,5.613,0.115,991.0,-0.48,0.0,0.0,58.2,-81.36,20.971,32.399
28.23,65.2,7.772,5.538,0.063,725.0,0.16,0.0,-0.2,66.0,81.0,34.639,32.271
28.32,64.74,6.197,5.102,0.073,2742.0,-0.4,0.0,0.1,67.2,81.0,24.522,32.286
28.2,64.81,6.72,5.153,0.125,2244.0,0.0,0.0,0.1,55.8,98.0,24.656,32.335
28.21,64.9,7.713,5.178,0.069,2485.0,-0.4,0.0,-0.1,55.8,98.0,31.715,32.327
28.21,64.62,6.68,5.331,0.045,963.0,-0.35,0.0,-0.1,59.8,81.0,29.815,32.287
28.16,64.95,7.4,5.295,0.025,1209.0,-0.4,0.0,-0.1,15.2,98.0,29.547,32.317
28.29,64.45,6.262,4.934,-0.023,2373.0,-0.04,0.0,-0.1,68.2,81.0,24.991,32.505
28.29,64.57,6.694,5.858,0.092,1011.0,-0.48,0.0,0.0,41.2,81.0,20.971,32.464
28.21,64.84,7.376,5.477,0.061,1308.0,0.15,0.0,0.0,69.0,81.0,24.187,32.231
28.32,64.6,7.105,5.399,0.037,1131.0,-0.35,0.0,0.0,10.0,81.0,276.0,32.193
28.26,64.55,7.174,5.266,0.041,1594.0,-0.35,0.0,0.0,12.2,98.0,20.904,32.373
28.32,64.87,6.655,5.602,0.023,732.0,-0.19,0.0,-0.1,68.8,81.0,25.693,32.438
28.32,64.83,6.595,5.404,0.077,233.0,-0.4,0.0,-0.2,63.4,98.0,272.55,32.428
28.23,64.9,6.052,5.07,0.027,1245.0,-0.04,0.0,-0.2,60.6,-81.36,26.264,32.272
28.27,65.05,7.155,5.538,0.048,1195.0,-0.4,0.0,0.0,54.6,98.0,25.218,32.418
28.25,64.54,6.194,5.189,-0.021,1928.0,-0.19,0.0,0.5,68.6,-81.36,24.857,32.443
28.24,64.57,7.126,5.298,0.084,1404.0,0.15,0.0,-0.1,66.6,-81.36,20.971,32.409
28.25,64.78,8.026,5.521,0.05,1285.0,-0.4,0.0,0.1,44.6,81.0,26.532,32.392
28.21,65.11,6.224,5.308,0.022,1307.0,-0.44,0.0,-0.2,34.0,98.0,29.547,32.285
28.24,65.04,6.379,5.247,0.026,1314.0,-0.3249999999999999,0.0,-0.3,51.6,98.0,29.614,32.348
28.19,64.82,6.041,5.495,0.01,1034.0,-0.19,0.0,-0.1,10.0,81.0,38.056,32.345
28.31,64.91,6.601,5.795,-0.02,1082.0,-0.44,0.0,-0.3,49.0,98.0,23.187,32.561
28.18,65.08,6.442,5.296,0.101,367.0,-0.11,0.0,0.1,68.4,81.0,23.919,32.281
28.23,64.67,6.191,5.795,0.089,882.0,0.45,0.0,0.2,46.8,81.0,33.555,32.42
28.22,64.66,6.046,5.674,0.113,938.0,0.13,0.0,0.0,27.6,-81.36,33.623,32.541
28.35,64.72,7.204,5.601,0.138,613.0,0.0,0.0,-0.2,24.4,81.0,275.31,32.39
28.24,64.94,7.258,5.334,0.091,902.0,-0.19,0.0,-0.1,27.8,81.0,20.502,32.398
28.3,64.67,7.547,5.368,0.075,1828.0,-0.19,0.0,0.2,10.0,81.0,30.217,32.29
28.16,65.06,6.789,5.312,-0.03,928.0,0.15,0.0,-0.2,45.0,81.0,29.346,32.276
28.25,64.68,7.496,5.391,0.015,1840.0,0.15,0.0,-0.3,50.2,81.0,30.15,32.265
28.18,64.8,7.887,5.483,0.021,641.0,-0.35,0.0,0.0,24.6,81.0,26.532,32.392
28.14,64.98,6.394,5.173,0.113,1357.0,-0.39,0.0,0.0,23.0,98.0,23.986,32.253
28.18,64.53,6.672,5.443,0.016,1215.0,-0.4,0.0,0.4,28.4,81.0,39.664,32.342
28.2,64.92,8.337,5.555,0.001,1716.0,-0.43,0.0,0.1,25.2,81.0,37.895,32.326
28.27,64.72,7.037,5.382,0.068,2256.0,0.2,0.0,-0.1,66.6,81.0,30.217,32.432
28.25,65.19,6.548,5.23,0.056,1451.0,-0.11,0.0,-0.1,19.6,98.0,29.48,32.479
28.28,64.59,6.454,5.441,0.048,627.0,0.17,0.0,0.1,10.6,81.0,39.53,32.529
28.26,64.62,7.236,5.561,0.037,1219.0,0.41,0.0,-0.1,47.2,81.0,276.0,32.31
28.17,64.73,6.56,5.361,0.078,2574.0,0.49,0.0,-0.1,41.0,81.0,24.465,32.372
28.2,65.07,6.977,5.484,0.091,1405.0,0.45,0.0,0.4,31.0,81.0,37.721,32.317
28.22,64.96,7.929,5.279,0.069,1767.0,-0.36,0.0,0.2,79.2,81.0,29.882,32.246
28.25,65.18,8.382,5.227,0.092,1936.0,-0.43,0.0,-0.3,32.6,98.0,29.547,32.464
28.22,64.89,5.929,5.471,0.065,356.0,-0.35,0.0,-0.1,48.0,81.0,26.264,32.318
28.33,64.67,7.003,5.642,0.06,1249.0,-0.44,0.0,-0.1,46.4,98.0,276.0,32.461
28.22,64.82,7.582,5.469,0.078,2377.0,0.0,0.0,0.0,40.8,98.0,26.331,32.496
28.22,64.6,7.028,5.254,0.089,1208.0,-0.35,0.0,-0.2,60.8,81.0,21.038,32.251
28.23,64.84,7.173,5.466,0.016,1528.0,-0.4,0.0,0.0,61.4,-81.36,37.922,32.495
28.3,64.91,7.995,5.356,0.062,414.0,0.19,0.0,0.1,65.0,98.0,38.793,32.539
28.24,65.02,7.821,5.196,0.157,2015.0,-0.4,0.0,-0.2,36.8,-81.36,29.748,32.483
28.24,64.58,6.888,5.923,0.108,1128.0,-0.48,0.0,-0.2,59.6,-81.36,20.971,32.386
28.31,64.7,7.378,5.338,-0.021,1130.0,-0.35,0.0,-0.1,34.0,98.0,29.046,32.529
28.24,64.72,5.643,5.42,0.141,1017.0,-0.3,0.0,0.3,60.0,81.0,28.542,32.381
28.28,64.57,7.057,5.645,0.03,1065.0,-0.44,0.0,-0.1,68.0,-81.36,276.69,32.386
28.2,64.81,8.685,5.853,0.029,833.0,-0.48,0.0,0.1,10.0,98.0,23.256,32.339
28.17,64.88,7.643,5.217,0.054,2467.0,0.19,0.0,-0.3,22.6,81.0,31.987,32.23
28.23,64.93,7.14,5.202,0.013,1153.0,-0.3,0.0,0.1,59.0,-81.36,29.815,32.475
28.27,64.92,6.228,5.565,0.021,1426.0,0.16,0.0,-0.1,31.0,81.0,25.693,32.4
28.33,64.79,6.366,5.65,0.06,1056.0,0.41,0.0,0.1,36.6,-81.36,33.351,32.375
28.32,64.94,8.479,5.764,0.097,2705.0,0.41,0.0,0.4,36.2,98.0,37.963,32.488
28.27,64.83,7.273,5.121,0.077,374.0,0.2,0.0,-0.1,42.0,81.0,273.24,32.399
28.33,64.91,6.619,5.618,0.032,950.0,-0.19,0.0,0.1,54.0,81.0,25.625,32.404
28.25,64.85,6.43,5.331,0.055,469.0,-0.4,0.0,-0.2,60.8,98.0,272.55,32.366
28.17,64.81,6.963,5.565,0.073,1131.0,-0.4,0.0,0.0,18.8,98.0,37.788,32.38
28.29,64.67,6.24,5.341,-0.058,281.0,-0.07,0.0,-0.2,61.2,-22.36,39.463,32.486
28.25,64.79,6.839,5.219,0.044,2502.0,0.45,0.0,0.4,58.8,81.0,31.783,32.231
28.29,64.95,7.761,5.207,0.059,2066.0,0.0,0.0,-0.2,28.0,81.0,29.882,32.449
28.2,64.95,5.867,5.717,0.016,1481.0,-0.44,0.0,0.5,42.8,81.0,23.324,32.237
28.31,64.93,6.14,5.815,0.056,1551.0,0.19,0.0,-0.1,49.2,81.0,23.187,32.405
28.25,64.48,6.649,5.366,-0.048,1522.0,0.16,0.0,-0.2,68.0,81.0,29.145,32.344
28.21,65.05,6.665,5.727,0.035,1495.0,-0.15,0.0,-0.1,62.2,98.0,23.119,32.366
28.18,64.8,6.711,5.256,0.044,2017.0,-0.36,0.0,0.1,10.0,81.0,24.465,32.371
28.29,64.72,7.171,5.335,-0.024,1210.0,-0.19,0.0,0.0,49.2,81.0,29.114,32.292
28.26,64.59,6.756,5.402,0.075,1245.0,-0.35,0.0,-0.2,50.4,81.0,28.877,32.225
28.24,65.05,7.686,5.507,0.013,806.0,-0.39,0.0,0.0,10.0,98.0,30.887,32.514
28.21,64.96,6.507,5.213,0.159,756.0,0.2,0.0,0.0,67.8,-81.36,23.986,32.318
28.22,64.81,7.394,5.218,0.046,1568.0,0.2,0.0,-0.2,10.0,81.0,29.681,32.246
28.23,65.09,5.743,5.279,0.04,722.0,-0.43,0.0,-0.2,47.2,-81.36,27.336,32.282
28.21,64.83,7.334,5.46,0.049,834.0,-0.4,0.0,-0.2,29.0,98.0,24.321,32.376
28.11,64.92,7.911,5.488,0.105,2034.0,0.17,0.0,-0.1,10.0,81.0,26.398,32.189
28.22,64.88,7.382,5.314,0.075,2083.0,0.0,0.0,-0.2,67.6,81.0,30.083,32.38
28.27,64.79,6.955,5.597,-0.012,1241.0,0.2,0.0,0.1,17.8,81.0,37.788,32.388
28.22,64.92,7.35,5.157,0.003,1107.0,-0.15,0.0,0.1,14.4,-81.36,29.748,32.393
28.09,65.06,6.526,5.317,0.126,1260.0,-0.39,0.0,0.3,42.8,98.0,29.748,32.258
28.31,64.65,6.801,5.478,0.093,1493.0,-0.3,0.0,-0.3,23.8,81.0,273.93,32.338
28.19,64.49,6.629,5.12,-0.066,2291.0,-0.48,0.0,0.4,23.0,98.0,24.924,32.395
28.27,64.56,6.915,5.303,0.039,893.0,-0.11,0.0,-0.1,35.4,98.0,21.038,32.507
28.26,64.63,5.284,5.307,0.074,1212.0,-0.43,0.0,0.3,41.8,81.0,29.182,32.357
28.21,64.67,5.931,5.4,0.058,1063.0,-0.11,0.0,-0.1,63.0,81.0,28.877,32.277
28.31,64.93,8.215,5.542,0.046,2807.0,-0.19,0.0,-0.2,24.0,81.0,25.422,32.323
28.21,64.46,6.73,5.092,0.013,2477.0,-0.4,0.0,-0.2,17.4,98.0,25.125,32.396
28.24,65.03,6.441,5.333,0.092,1445.0,-0.48,0.0,-0.2,67.0,81.0,29.681,32.265
28.35,64.72,8.487,5.363,0.091,511.0,-0.48,0.0,-0.1,25.4,81.0,28.977,32.461
28.23,64.91,6.019,5.14,0.156,1870.0,0.41,0.0,-0.1,10.4,98.0,26.13,32.359
28.21,64.78,7.059,5.261,-0.038,3357.0,0.49,0.0,-0.2,44.8,98.0,276.69,32.342
28.21,65.06,5.899,5.499,0.062,615.0,-0.4,0.0,-0.1,67.2,81.0,27.47,32.341
28.28,64.94,6.035,4.948,0.059,1468.0,-0.4,0.0,-0.2,10.0,98.0,26.063,32.33
28.31,64.59,7.168,5.53,0.07,1230.0,-0.35,0.0,-0.2,46.0,81.0,276.69,32.327
28.25,64.88,8.468,5.596,-0.012,1447.0,-0.43,0.0,-0.2,10.0,98.0,37.895,32.459
28.34,64.6,7.118,5.664,0.068,901.0,-0.48,0.0,0.4,39.2,81.0,20.904,32.552
28.24,64.54,7.543,5.579,0.07,1406.0,-0.48,0.0,-0.2,55.0,-81.36,276.69,32.403
28.3,64.82,6.993,5.476,0.053,832.0,-0.11,0.0,-0.1,66.4,81.0,30.887,32.257
28.35,64.89,5.889,5.128,-0.011,611.0,-0.44,0.0,0.4,22.2,98.0,26.264,32.455
28.22,64.55,6.904,5.43,0.059,1175.0,-0.43,0.0,-0.2,62.2,81.0,28.944,32.356
28.23,64.89,7.179,5.506,0.103,722.0,0.13,0.0,0.1,65.6,81.0,30.753,32.37
28.16,65.01,8.235,5.506,0.173,1664.0,-0.3,0.0,-0.2,63.6,98.0,24.33,32.311
28.23,64.86,7.986,5.401,0.011,635.0,-0.39,0.0,0.1,67.6,98.0,38.994,32.417
28.26,65.1,5.13,5.496,0.108,1023.0,-0.3,0.0,-0.1,50.8,81.0,30.887,32.291
28.24,64.72,7.327,5.295,0.127,2127.0,0.2,0.0,0.0,66.2,81.0,30.217,32.387
28.25,64.65,8.302,5.315,0.114,848.0,-0.15,0.0,0.0,68.4,98.0,29.114,32.354
28.28,64.88,6.776,5.628,0.08,1374.0,-0.4,0.0,0.3,36.8,98.0,25.625,32.534
28.17,64.67,7.452,5.378,-0.011,875.0,-0.3,0.0,-0.1,56.4,81.0,29.046,32.25
28.18,64.55,6.207,5.111,0.026,2356.0,-0.4,0.0,0.0,52.2,98.0,24.857,32.347
28.3,64.71,7.433,5.546,-0.05,1418.0,-0.11,0.0,0.0,10.0,81.0,274.62,32.432
28.26,64.95,6.092,5.438,0.019,922.0,0.17,0.0,-0.2,14.6,81.0,30.82,32.334
28.26,64.68,6.439,5.423,0.077,1693.0,-0.42,0.0,-0.2,35.2,81.0,39.463,32.281
28.28,64.55,6.237,5.333,0.046,1295.0,-0.39,0.0,-0.2,48.6,81.0,28.877,32.457
28.15,64.83,7.685,5.193,0.172,2249.0,0.19,0.0,-0.2,25.4,81.0,31.715,32.273
28.08,65.04,6.571,5.538,0.105,1649.0,-0.4,0.0,-0.1,20.6,81.0,37.855,32.263
28.3,64.82,5.971,5.728,0.057,1612.0,-0.4,0.0,-0.1,30.4,-81.36,35.041,32.398
28.25,65.09,7.353,5.481,0.035,1587.0,0.15,0.0,0.1,24.4,-81.36,37.855,32.433
28.28,65.09,6.628,5.355,-0.028,1914.0,0.15,0.0,0.3,60.6,-81.36,23.718,32.501
28.2,64.95,6.912,5.286,0.097,501.0,-0.44,0.0,0.4,31.8,-81.36,29.614,32.277
28.24,65.06,7.466,5.467,0.037,885.0,-0.3,0.0,-0.2,18.2,81.0,30.954,32.414
28.25,65.01,6.68,5.361,0.09,1613.0,-0.35,0.0,-0.2,61.8,81.0,23.919,32.369
28.22,64.76,7.429,5.473,0.082,2774.0,0.15,0.0,-0.2,19.4,81.0,276.0,32.232
28.26,64.71,7.132,5.353,0.099,1973.0,0.2,0.0,0.0,67.8,81.0,30.217,32.382
28.17,64.89,6.879,5.866,0.047,917.0,0.2,0.0,0.2,56.4,98.0,23.392,32.326
28.19,64.95,8.08,5.282,-0.001,752.0,0.45,0.0,0.4,36.4,81.0,27.47,32.338
28.18,65.03,7.704,5.466,0.075,771.0,0.41,0.0,0.4,54.0,81.0,30.954,32.284
28.23,65.04,7.783,5.606,0.062,818.0,-0.44,0.0,-0.1,40.6,98.0,27.47,32.356
28.22,64.68,6.229,5.289,0.1,1131.0,0.41,0.0,-0.1,62.2,98.0,29.182,32.447
28.21,64.69,6.31,5.684,0.088,966.0,-0.36,0.0,0.1,41.8,81.0,33.419,32.397
28.2,64.8,6.963,5.294,0.008,1661.0,-0.3,0.0,-0.2,26.2,98.0,24.397,32.485
28.24,64.54,6.769,5.388,0.081,1427.0,-0.43,0.0,0.0,30.2,81.0,29.078,32.272
28.29,65.07,6.509,5.405,0.077,1219.0,-0.15,0.0,0.1,10.0,98.0,30.954,32.5
28.22,64.86,8.422,5.419,0.112,730.0,-0.3,0.0,-0.1,12.2,-81.36,38.793,32.409
28.26,64.54,7.072,5.158,0.096,1614.0,-0.44,0.0,0.1,34.0,-81.36,24.79,32.417
28.23,64.79,7.469,5.634,0.054,789.0,-0.3,0.0,0.4,47.6,81.0,39.128,32.249
28.23,64.89,7.655,5.245,0.067,2087.0,-0.48,0.0,-0.1,10.0,98.0,31.851,32.442
28.32,64.83,7.795,5.522,0.113,2623.0,-0.43,0.0,-0.1,10.0,98.0,25.557,32.473
28.23,64.78,6.36,5.494,0.121,1957.0,-0.35,0.0,-0.2,41.6,81.0,35.443,32.257
28.23,64.87,6.78,5.913,0.022,728.0,-0.44,0.0,-0.1,56.8,81.0,23.256,32.339
28.37,64.8,6.019,5.406,0.128,494.0,-0.11,0.0,-0.2,28.0,81.0,273.24,32.482
28.26,65.06,6.639,5.518,0.006,1201.0,0.2,0.0,-0.2,22.0,81.0,31.021,32.4
28.26,64.73,5.765,5.598,0.115,1994.0,0.2,0.0,0.1,67.6,81.0,35.309,32.337
28.3,64.84,7.295,5.23,0.051,2285.0,-0.44,0.0,0.1,56.0,-81.36,31.919,32.467
28.27,64.73,7.132,5.033,0.138,2396.0,-0.35,0.0,0.0,16.2,81.0,24.79,32.373
28.22,64.99,6.943,5.66,0.075,858.0,-0.15,0.0,0.4,47.8,-81.36,20.435,32.3
28.11,65.13,6.965,5.566,0.072,1363.0,0.2,0.0,0.0,11.4,81.0,37.52,32.254
28.27,64.87,7.845,5.476,0.077,468.0,0.45,0.0,-0.2,64.2,98.0,38.86,32.464
28.25,64.71,5.592,5.325,0.007,1475.0,-0.43,0.0,-0.1,25.0,81.0,29.114,32.437
28.23,64.95,7.424,5.217,0.064,561.0,0.17,0.0,0.1,24.4,81.0,24.053,32.413
28.32,65.08,7.578,5.45,0.088,441.0,-0.35,0.0,-0.1,15.4,81.0,34.773,32.421
28.3,64.68,6.299,5.408,0.072,913.0,0.16,0.0,-0.1,52.0,81.0,39.396,32.368
28.29,64.99,7.736,5.635,0.075,2212.0,-0.4,0.0,-0.2,67.4,81.0,37.691,32.424
28.24,65.14,7.915,5.597,-0.001,872.0,-0.11,0.0,0.0,60.2,81.0,34.84,32.322
28.27,64.8,6.794,5.417,-0.058,1374.0,-0.35,0.0,-0.1,60.2,-81.36,30.887,32.285
28.2,64.81,6.889,5.287,0.011,4251.0,0.19,0.0,-0.1,48.6,81.0,273.93,32.243
28.28,64.96,7.321,5.147,0.098,1269.0,-0.4,0.0,-0.1,67.0,81.0,29.748,32.342
28.21,65.0,8.062,5.096,0.114,524.0,-0.15,0.0,0.4,68.4,-81.36,27.47,32.407
28.33,64.91,6.182,5.516,0.007,522.0,-0.4,0.0,0.3,29.0,98.0,30.954,32.525
28.16,64.89,7.491,5.759,0.125,2777.0,-0.44,0.0,-0.3,41.2,81.0,24.397,32.426
28.19,65.12,6.451,5.337,0.044,1132.0,-0.44,0.0,-0.2,32.2,98.0,29.681,32.268
28.28,64.87,7.823,5.52,0.042,2898.0,-0.11,0.0,0.0,65.8,81.0,25.422,32.369
28.2,64.8,7.364,5.353,0.017,3453.0,0.49,0.0,0.4,68.4,98.0,273.93,32.319
28.19,65.04,7.892,5.9,0.013,2786.0,-0.36,0.0,-0.2,51.6,81.0,24.127,32.334
28.35,64.8,6.759,5.845,-0.004,943.0,-0.39,0.0,-0.2,45.4,81.0,23.256,32.393
28.28,64.84,6.612,5.281,0.077,1124.0,-0.3,0.0,-0.1,45.8,98.0,272.55,32.409
28.41,65.09,5.807,5.255,0.039,758.0,-0.35,0.0,-0.2,59.6,81.0,27.336,32.483
28.3,64.72,8.145,5.882,0.037,755.0,0.0,0.0,-0.3,67.6,81.0,39.061,32.255
28.18,64.48,7.077,5.228,0.055,1033.0,-0.4,0.0,-0.1,40.8,81.0,21.038,32.305
28.37,64.69,7.144,5.483,0.101,298.0,-0.36,0.0,-0.1,10.0,-81.36,273.24,32.348
28.19,64.97,8.165,5.182,0.078,2767.0,-0.35,0.0,-0.1,35.0,81.0,29.882,32.238
28.22,64.98,6.973,5.636,0.065,743.0,0.16,0.0,-0.1,41.2,-81.36,27.537,32.449
28.25,65.07,7.282,5.453,0.007,1109.0,-0.4,0.0,0.3,33.8,81.0,37.989,32.351
28.27,64.9,7.808,5.195,0.076,1678.0,-0.35,0.0,0.4,65.2,-81.36,31.851,32.508
28.22,64.99,7.257,5.713,0.093,844.0,-0.48,0.0,0.3,28.6,81.0,20.368,32.309
28.27,64.68,6.302,5.385,0.107,546.0,-0.36,0.0,0.1,38.4,81.0,39.463,32.32
28.11,64.84,7.924,5.713,0.01,816.0,0.49,0.0,-0.1,55.2,81.0,33.215,32.18
28.29,64.68,5.817,5.406,0.044,1230.0,0.0,0.0,-0.2,57.4,98.0,28.743,32.522
28.3,64.75,7.598,5.46,0.063,1469.0,-0.3,0.0,-0.2,53.8,98.0,39.061,32.52
28.25,65.03,7.844,5.436,-0.034,565.0,-0.39,0.0,0.0,10.0,98.0,31.021,32.514
28.28,64.69,6.073,5.425,0.104,1200.0,-0.43,0.0,-0.1,58.0,98.0,39.396,32.463
28.3,64.91,7.956,5.169,0.1,2114.0,-0.35,0.0,-0.2,10.0,-81.36,31.987,32.466
28.37,64.75,6.581,5.707,0.069,1272.0,-0.43,0.0,-0.1,38.0,-81.36,33.419,32.433
28.23,64.97,6.206,5.439,0.066,476.0,-0.15,0.0,0.4,27.4,81.0,37.788,32.434
28.22,64.89,6.912,5.669,-0.091,712.0,0.2,0.0,0.1,56.8,81.0,23.256,32.248
28.18,65.08,5.836,5.169,0.101,625.0,0.2,0.0,0.4,33.8,81.0,27.269,32.283
28.28,65.1,6.796,5.317,0.08,1360.0,-0.35,0.0,0.3,43.8,-81.36,29.547,32.449
28.31,64.81,7.058,5.064,0.058,1996.0,-0.35,0.0,-0.2,42.4,81.0,26.13,32.315
28.27,64.71,6.383,5.347,0.071,1187.0,0.41,0.0,-0.1,64.0,98.0,29.614,32.454
28.26,64.95,8.254,5.478,0.088,2477.0,-0.43,0.0,-0.1,24.2,81.0,37.895,32.395
28.21,64.69,6.228,5.355,0.045,843.0,-0.43,0.0,0.4,31.2,81.0,28.743,32.223
28.26,64.68,6.542,5.68,-0.002,756.0,-0.36,0.0,0.1,20.4,98.0,33.555,32.502
28.32,64.9,7.593,5.576,-0.015,1438.0,-0.44,0.0,-0.1,57.8,98.0,38.927,32.525
28.26,64.67,7.1,5.227,0.127,2236.0,0.19,0.0,0.1,19.0,-81.36,24.723,32.481
28.23,64.67,8.46,5.365,0.09,739.0,0.49,0.0,-0.2,51.8,-81.36,29.25,32.382
28.26,64.78,6.145,5.523,0.027,1472.0,0.16,0.0,-0.1,12.8,98.0,35.041,32.455
28.18,64.65,6.194,5.302,0.019,2545.0,-0.35,0.0,0.0,10.0,98.0,24.522,32.261
28.15,64.93,7.667,5.672,0.136,695.0,-0.04,0.0,0.0,31.8,98.0,33.283,32.275
28.26,64.67,6.17,5.402,0.092,992.0,-0.39,0.0,0.0,39.2,-81.36,28.609,32.502
28.28,64.48,6.904,5.099,0.061,2175.0,-0.04,0.0,-0.1,63.6,81.0,24.857,32.513
28.26,64.8,6.087,5.444,0.089,1532.0,0.13,0.0,0.1,42.6,81.0,28.609,32.337
28.25,64.68,6.081,5.348,0.014,2103.0,-0.15,0.0,-0.1,57.4,98.0,39.396,32.47
28.29,64.89,8.114,4.862,0.115,564.0,-0.3,0.0,-0.1,18.2,-81.36,25.996,32.392
28.24,65.01,6.394,5.21,0.03,1147.0,-0.35,0.0,-0.1,10.0,98.0,23.986,32.448
28.11,64.97,7.797,5.526,0.044,2538.0,0.17,0.0,-0.1,10.0,81.0,26.398,32.201
28.24,64.74,8.062,5.36,0.049,1279.0,0.15,0.0,0.0,16.8,-81.36,29.547,32.472
28.2,64.7,6.353,5.443,0.148,1025.0,-0.4,0.0,-0.1,48.0,81.0,39.53,32.298
28.26,64.51,6.644,5.336,0.079,1313.0,-0.08,0.0,-0.1,51.2,98.0,29.011,32.397
28.31,64.88,5.941,5.148,-0.022,1966.0,0.41,0.0,0.0,42.2,81.0,26.13,32.382
28.26,64.9,7.086,5.335,0.062,1779.0,-0.3,0.0,0.0,20.2,81.0,30.016,32.391
28.27,64.86,6.211,5.591,0.081,831.0,-0.19,0.0,-0.2,62.0,-81.36,25.761,32.292
28.23,64.69,7.424,5.33,0.011,1856.0,-0.04,0.0,0.1,28.4,81.0,30.284,32.226
28.3,65.08,5.81,5.28,0.105,719.0,-0.39,0.0,-0.2,10.0,-81.36,27.336,32.361
28.19,64.99,7.127,5.132,0.091,934.0,-0.3,0.0,0.0,48.4,81.0,31.021,32.211
28.27,64.96,7.543,5.162,0.08,807.0,-0.15,0.0,0.2,10.0,81.0,24.12,32.296
28.31,64.81,5.259,5.153,0.155,685.0,0.45,0.0,-0.1,55.8,81.0,26.264,32.37
28.18,65.06,6.675,5.264,0.058,1633.0,0.2,0.0,0.1,57.0,81.0,29.681,32.359
28.27,64.51,7.065,5.4,0.016,471.0,-0.4,0.0,-0.1,37.6,81.0,39.664,32.263
28.29,64.8,7.638,5.644,0.029,540.0,-0.3,0.0,-0.3,12.0,98.0,33.215,32.533
28.29,64.92,5.873,5.036,-0.006,1523.0,-0.43,0.0,0.4,10.0,98.0,26.063,32.48
28.19,64.68,7.958,5.362,0.034,1055.0,-0.39,0.0,0.1,57.0,-81.36,26.666,32.446
28.3,64.69,5.061,5.317,0.122,1249.0,-0.48,0.0,-0.1,16.8,98.0,28.977,32.421
28.34,64.85,7.078,5.408,-0.029,653.0,-0.15,0.0,-0.1,59.4,98.0,37.788,32.506
28.26,64.88,7.723,5.414,0.018,884.0,-0.4,0.0,-0.2,41.2,81.0,24.12,32.402
28.26,64.98,6.711,5.328,-0.008,1360.0,-0.35,0.0,-0.1,57.8,98.0,29.681,32.44
28.17,64.96,7.566,5.235,0.009,1037.0,-0.3,0.0,-0.3,34.6,81.0,29.413,32.314
28.32,64.74,5.42,5.345,0.046,1136.0,-0.4,0.0,-0.1,10.0,81.0,29.114,32.379
28.24,65.05,6.927,5.292,0.022,1055.0,-0.35,0.0,-0.1,26.4,98.0,29.48,32.43
28.24,64.96,8.159,5.852,0.018,2637.0,0.19,0.0,-0.3,35.8,81.0,24.262,32.515
28.31,64.81,8.511,5.536,0.037,2553.0,-0.35,0.0,-0.2,63.6,98.0,25.489,32.475
28.3,64.98,6.562,5.367,0.145,1448.0,0.45,0.0,-0.2,43.2,-81.36,29.547,32.523
28.2,64.89,8.103,5.947,0.079,2295.0,-0.03,0.0,0.0,28.8,-81.36,24.194,32.424
28.28,65.0,8.416,5.655,0.127,2934.0,-0.11,0.0,0.0,51.2,98.0,37.895,32.34
28.2,64.8,7.179,5.288,-0.012,1073.0,-0.09,0.0,-0.1,10.0,98.0,20.636,32.392
28.27,64.66,7.253,5.444,0.06,941.0,-0.19,0.0,0.1,10.0,81.0,277.38,32.383
28.23,64.85,7.06,5.537,-0.027,1247.0,-0.43,0.0,-0.3,55.4,98.0,25.625,32.269
28.28,64.68,6.037,5.597,0.058,1873.0,-0.43,0.0,-0.2,40.8,81.0,35.376,32.412
28.26,64.9,7.745,5.282,0.079,1191.0,-0.39,0.0,0.0,41.2,81.0,29.413,32.26
28.26,64.76,6.92,5.256,0.071,2370.0,-0.48,0.0,0.1,24.6,81.0,31.851,32.416
28.27,64.85,5.842,4.862,-0.015,1362.0,-0.35,0.0,-0.3,42.6,98.0,26.197,32.426
28.24,64.89,7.369,5.511,0.007,690.0,0.41,0.0,-0.1,11.8,81.0,23.986,32.387
28.26,64.97,7.124,5.218,0.041,1750.0,0.45,0.0,-0.2,62.6,81.0,29.748,32.345
28.23,64.67,6.036,5.658,0.057,1104.0,0.11,0.0,0.2,45.4,98.0,33.555,32.445
28.24,64.56,6.833,5.447,0.028,1064.0,-0.15,0.0,-0.1,31.2,81.0,28.877,32.384
28.26,64.74,7.434,5.646,-0.021,651.0,-0.4,0.0,-0.3,25.4,81.0,33.283,32.406
28.18,64.5,7.374,5.273,0.084,1051.0,-0.35,0.0,-0.1,68.8,-81.36,21.105,32.464
28.28,65.06,7.065,5.267,0.037,1132.0,-0.43,0.0,-0.3,59.4,98.0,29.279,32.494
28.27,64.77,6.479,5.236,0.102,2538.0,-0.15,0.0,-0.1,50.4,81.0,31.715,32.48
28.21,64.84,7.741,5.189,0.054,2114.0,0.0,0.0,0.1,10.0,81.0,31.783,32.313
28.21,64.54,7.139,5.448,0.004,1280.0,-0.35,0.0,-0.1,49.0,81.0,39.798,32.403
28.22,64.88,6.913,5.395,0.095,933.0,-0.44,0.0,-0.1,55.0,-81.36,30.82,32.405
28.28,64.59,7.242,5.595,0.089,827.0,-0.4,0.0,-0.2,48.2,98.0,277.38,32.431
28.27,64.69,6.081,5.716,-0.003,1059.0,-0.44,0.0,-0.2,10.0,81.0,33.419,32.358
28.25,64.84,7.404,5.494,0.041,950.0,-0.44,0.0,-0.1,44.0,98.0,24.187,32.38
28.24,65.05,6.457,5.233,0.021,1174.0,-0.35,0.0,0.4,57.8,81.0,29.614,32.379
28.21,64.69,7.277,5.313,0.012,3376.0,-0.3,0.0,-0.2,45.6,81.0,275.31,32.373
28.24,64.78,7.188,5.324,0.036,1750.0,-0.3,0.0,-0.2,46.8,81.0,273.93,32.289
28.13,64.58,8.58,5.424,0.042,861.0,-0.4,0.0,0.1,10.0,98.0,39.597,32.297
28.26,64.95,7.459,5.403,0.018,1562.0,-0.4,0.0,-0.2,24.8,98.0,38.86,32.339
28.19,65.16,6.103,5.278,0.099,801.0,-0.39,0.0,-0.1,33.0,81.0,29.748,32.334
28.26,64.79,7.827,5.494,0.098,1060.0,-0.43,0.0,-0.2,10.0,-81.36,26.331,32.475
28.28,64.96,6.152,5.467,0.048,965.0,0.45,0.0,-0.1,28.8,98.0,30.619,32.432
28.18,64.78,6.917,5.36,0.082,2213.0,-0.48,0.0,-0.05,58.4,81.0,24.465,32.31
28.29,64.75,7.039,5.389,-0.005,660.0,-0.02,0.0,0.3,59.8,98.0,30.954,32.469
28.29,64.68,5.689,5.329,0.065,1027.0,-0.3,0.0,-0.2,43.4,81.0,29.046,32.383
28.29,64.51,7.15,5.051,0.102,1545.0,-0.44,0.0,0.2,10.0,-81.36,24.924,32.4
28.31,64.76,8.165,5.41,0.114,690.0,-0.15,0.0,0.4,21.4,-81.36,29.046,32.403
28.3,64.57,7.055,5.88,0.045,849.0,0.19,0.0,0.1,37.0,98.0,20.971,32.512
28.24,65.05,6.518,5.375,0.016,1912.0,-0.4,0.0,-0.1,42.4,81.0,23.852,32.408
28.18,64.7,5.343,5.309,-0.009,1795.0,-0.48,0.0,0.1,24.8,81.0,29.114,32.253
28.19,64.96,8.352,5.563,0.063,1175.0,-0.4,0.0,-0.1,10.0,81.0,37.827,32.31
28.24,64.87,7.171,5.172,-0.008,641.0,-0.3249999999999999,0.0,0.1,17.2,98.0,24.12,32.456
28.2,65.01,7.597,5.187,0.078,2727.0,0.19,0.0,-0.1,26.2,81.0,31.579,32.333
28.16,64.76,6.733,5.351,0.114,2164.0,0.2,0.0,0.1,50.4,-81.36,24.532,32.373
28.26,64.6,5.986,5.108,-0.004,2542.0,0.16,0.0,0.3,51.6,81.0,24.656,32.347
28.27,64.93,6.839,5.823,0.015,817.0,-0.4,0.0,-0.1,45.8,81.0,23.256,32.236
28.25,64.87,6.905,5.457,-0.017,699.0,-0.44,0.0,-0.1,56.4,81.0,30.686,32.386
28.08,65.09,6.91,5.557,0.033,1476.0,-0.39,0.0,0.0,62.4,81.0,37.52,32.126
28.16,65.06,8.246,5.541,0.11,2911.0,0.0,0.0,0.0,46.8,-81.36,37.691,32.299
28.28,64.77,6.196,5.365,0.003,886.0,-0.07,0.0,-0.1,64.2,98.0,28.475,32.418
28.3,64.71,6.827,5.323,0.058,1103.0,-0.35,0.0,-0.2,44.0,98.0,274.62,32.344
28.24,64.92,7.013,5.879,0.011,990.0,-0.48,0.0,-0.1,45.2,81.0,23.187,32.249
28.17,64.78,7.626,5.178,0.027,3169.0,-0.35,0.0,-0.2,57.2,81.0,24.532,32.245
28.29,64.7,7.73,5.346,0.026,1517.0,-0.44,0.0,-0.3,52.4,98.0,30.15,32.377
28.17,65.01,7.357,5.289,0.039,1009.0,0.19,0.0,-0.1,10.0,81.0,20.502,32.193
28.21,64.51,6.768,5.411,0.1,1501.0,-0.43,0.0,0.1,35.4,-23.36,29.212,32.287
28.29,64.86,7.385,5.651,0.01,871.0,-0.11,0.0,0.0,66.4,-81.36,33.215,32.422
28.25,65.18,6.951,5.54,0.033,1264.0,0.16,0.0,-0.1,39.2,-81.36,27.403,32.311
28.22,65.08,8.158,5.15,0.066,2188.0,-0.43,0.0,0.1,46.8,81.0,29.547,32.401
28.27,64.56,6.874,5.273,0.079,880.0,-0.4,0.0,0.0,17.6,81.0,21.038,32.419
28.2,65.07,6.406,5.561,0.088,1049.0,-0.4,0.0,0.3,38.0,81.0,37.788,32.32
28.29,64.85,5.957,5.062,0.12,1848.0,0.41,0.0,-0.1,13.6,98.0,26.197,32.376
28.2,64.97,7.497,5.152,0.117,1224.0,0.36,0.0,0.0,39.8,81.0,29.48,32.251
28.28,64.89,6.037,4.921,0.086,623.0,0.2,0.0,0.0,10.0,-81.36,26.264,32.423
28.25,65.14,6.382,5.284,0.035,1260.0,0.13,0.0,0.4,40.0,98.0,29.614,32.386
28.24,64.73,7.396,5.757,-0.102,513.0,-0.11,0.0,0.0,32.6,81.0,33.283,32.369
28.33,64.79,5.736,5.676,0.119,1259.0,0.15,0.0,0.4,33.2,-81.36,33.419,32.371
28.23,64.92,7.456,5.546,0.066,1009.0,-0.35,0.0,-0.2,62.2,98.0,38.927,32.49
28.3,65.1,6.352,5.287,0.168,984.0,-0.3,0.0,-0.2,25.0,81.0,29.212,32.397
28.25,64.56,6.98,5.427,0.099,1248.0,-0.39,0.0,0.2,30.2,81.0,28.877,32.344
28.22,64.85,7.856,5.171,0.102,2079.0,-0.4,0.0,-0.1,11.0,81.0,31.919,32.387
28.22,64.66,6.791,5.145,0.082,2417.0,0.0,0.0,-0.2,10.0,81.0,24.79,32.382
28.31,64.65,7.202,5.607,0.059,908.0,-0.35,0.0,-0.3,35.2,-81.36,274.62,32.495
28.28,64.7,8.447,5.425,0.065,323.0,-0.15,0.0,-0.2,32.4,98.0,29.318,32.527
28.21,64.79,7.785,5.262,0.025,2399.0,-0.3,0.0,-0.2,37.2,98.0,31.783,32.392
28.34,64.89,7.859,5.199,0.025,2172.0,-0.48,0.0,-0.2,20.6,98.0,31.783,32.533
28.22,64.53,6.678,5.426,0.052,1236.0,-0.4,0.0,-0.2,45.6,81.0,28.944,32.179
28.26,64.65,6.108,5.094,0.004,2449.0,-0.43,0.0,-0.2,66.2,98.0,24.723,32.401
28.27,64.89,7.82,5.184,0.041,1892.0,-0.07,0.0,0.0,34.4,-81.36,31.919,32.361
28.2,64.54,6.869,5.262,0.16,1043.0,0.45,0.0,-0.1,46.0,81.0,21.038,32.312
28.23,65.12,6.45,5.263,0.136,1972.0,-0.15,0.0,0.1,41.8,98.0,29.614,32.484
28.29,65.06,6.55,5.415,0.099,1153.0,-0.44,0.0,-0.3,68.0,81.0,31.021,32.447
28.27,65.04,6.633,5.205,0.131,1414.0,0.19,0.0,0.1,43.8,-81.36,29.681,32.366
28.28,64.88,7.557,5.309,0.015,940.0,-0.35,0.0,-0.3,43.2,-81.36,24.053,32.535
28.24,64.97,6.446,5.329,0.063,1356.0,-0.4,0.0,-0.2,56.4,98.0,29.815,32.481
28.28,65.0,7.207,5.37,-0.042,813.0,-0.48,0.0,-0.1,51.2,81.0,37.922,32.482
28.25,64.75,7.3,5.497,0.102,1271.0,-0.4,0.0,-0.2,17.4,81.0,273.24,32.275
28.2,65.2,8.018,5.618,0.029,1083.0,0.19,0.0,0.1,42.0,81.0,34.639,32.329
28.24,64.58,6.719,5.398,0.023,1587.0,-0.39,0.0,-0.1,24.6,98.0,28.81,32.53
28.23,65.06,6.299,5.284,-0.017,918.0,-0.19,0.0,-0.3,32.2,98.0,29.48,32.48
28.36,64.91,8.072,5.559,0.083,473.0,-0.03,0.0,0.3,22.8,98.0,38.86,32.565
28.26,64.86,7.667,5.183,0.079,2234.0,-0.03,0.0,0.4,53.0,98.0,31.647,32.433
28.15,64.95,7.785,5.558,-0.006,699.0,-0.43,0.0,0.1,55.4,98.0,26.465,32.363
28.27,65.12,7.717,5.585,0.033,1472.0,-0.35,0.0,0.3,42.2,81.0,34.572,32.257
28.23,64.85,8.146,5.828,0.009,858.0,-0.48,0.0,0.1,10.0,98.0,23.187,32.372
28.27,64.68,6.389,5.361,0.038,1239.0,-0.44,0.0,0.2,43.0,98.0,28.743,32.416
28.19,65.02,8.026,5.86,0.025,2544.0,-0.35,0.0,0.0,14.4,98.0,24.33,32.442
28.39,64.79,5.918,5.774,0.055,1107.0,0.41,0.0,0.1,59.2,98.0,33.283,32.514
28.3,64.82,7.289,5.259,0.019,2378.0,0.41,0.0,-0.1,41.8,-81.36,31.715,32.479
28.26,64.75,7.69,5.659,-0.013,367.0,-0.36,0.0,0.2,12.8,98.0,33.215,32.482
28.22,65.07,7.148,5.417,-0.028,937.0,-0.35,0.0,-0.1,58.8,81.0,37.922,32.401
28.29,64.96,6.732,5.86,0.016,1216.0,0.19,0.0,-0.1,22.6,81.0,23.256,32.372
28.21,64.76,7.855,5.508,0.072,1346.0,-0.15,0.0,-0.1,34.2,98.0,26.666,32.547
28.35,64.65,6.134,5.626,0.107,1570.0,-0.43,0.0,-0.2,34.0,98.0,35.309,32.433
28.25,65.06,5.852,5.296,0.111,870.0,-0.43,0.0,-0.1,55.2,-23.36,27.202,32.423
28.21,65.18,8.409,5.257,0.014,2351.0,-0.19,0.0,-0.1,47.2,98.0,29.48,32.406
28.21,64.97,6.599,5.236,0.061,1139.0,0.17,0.0,0.1,32.0,98.0,23.986,32.347
28.31,64.7,5.694,5.322,0.118,1275.0,-0.3,0.0,0.0,61.2,81.0,29.114,32.291
28.29,64.95,7.168,5.232,0.055,776.0,0.0,0.0,0.2,10.0,98.0,23.919,32.478
28.22,64.98,7.382,5.546,0.094,1215.0,0.13,0.0,-0.1,30.2,-81.36,37.691,32.329
28.25,64.98,7.971,5.204,0.095,525.0,0.2,0.0,-0.2,57.0,98.0,27.537,32.417
28.31,65.15,7.878,5.232,0.073,819.0,-0.43,0.0,-0.1,58.2,81.0,29.48,32.545
28.35,64.9,8.493,5.488,-0.037,2710.0,0.2,0.0,-0.2,40.6,-81.36,37.895,32.592
28.26,64.93,7.002,5.034,0.054,435.0,-0.4,0.0,-0.1,42.2,81.0,25.862,32.432
28.2,65.01,7.609,5.476,0.055,392.0,-0.35,0.0,-0.2,27.4,81.0,31.021,32.345
28.23,64.86,6.142,5.496,0.115,1354.0,0.11,0.0,0.3,65.6,98.0,37.922,32.372
28.22,64.76,6.66,5.223,0.069,1981.0,0.2,0.0,-0.1,62.0,-81.36,31.647,32.312
28.27,64.62,7.148,5.149,0.082,337.0,-0.48,0.0,-0.1,40.6,81.0,277.38,32.452
28.21,64.85,8.104,5.331,0.105,1296.0,0.45,0.0,0.0,13.4,81.0,26.331,32.277
28.23,65.02,7.342,5.457,0.02,982.0,-0.4,0.0,-0.2,61.6,98.0,30.954,32.428
28.24,64.79,7.429,5.696,0.102,509.0,0.2,0.0,0.1,10.0,81.0,33.215,32.295
28.27,64.88,8.634,5.54,0.03,2599.0,-0.3,0.0,-0.2,44.0,81.0,25.354,32.475
28.32,64.76,5.859,5.785,0.034,1408.0,-0.4,0.0,-0.1,66.2,81.0,33.487,32.399
28.26,64.89,7.501,5.428,0.025,812.0,-0.04,0.0,-0.1,58.8,81.0,35.108,32.436
28.26,65.13,7.955,5.25,0.132,2346.0,-0.35,0.0,-0.2,59.4,81.0,29.547,32.239
28.22,64.94,7.044,5.313,0.059,803.0,0.45,0.0,0.0,10.0,81.0,20.502,32.313
28.19,64.84,7.609,5.425,0.056,2321.0,-0.35,0.0,-0.1,18.4,98.0,26.532,32.448
28.29,64.57,6.928,5.278,0.067,1696.0,0.15,0.0,0.4,41.2,-81.36,20.971,32.36
28.19,65.2,5.86,5.596,-0.013,518.0,-0.43,0.0,-0.1,28.6,81.0,27.47,32.229
28.23,64.87,7.556,5.674,0.122,507.0,-0.36,0.0,0.5,10.0,81.0,33.215,32.392
28.18,65.07,6.868,5.564,0.042,906.0,-0.39,0.0,0.1,44.6,98.0,37.721,32.445
28.27,64.66,7.279,5.616,0.068,1377.0,0.16,0.0,-0.2,13.4,81.0,276.0,32.266
28.23,64.51,8.695,5.478,0.051,1416.0,-0.48,0.0,-0.1,23.8,81.0,39.664,32.432
28.35,64.98,6.136,5.845,0.034,1281.0,0.19,0.0,0.3,18.6,98.0,23.187,32.448
28.28,64.97,6.575,5.288,0.022,909.0,-0.4,0.0,0.0,30.0,98.0,23.986,32.527
28.29,64.86,7.257,5.346,0.073,1985.0,-0.35,0.0,-0.1,16.4,98.0,30.15,32.515
28.2,64.71,7.169,5.33,0.089,2398.0,-0.35,0.0,-0.1,31.4,81.0,30.217,32.278
28.31,64.96,8.018,5.186,0.079,488.0,-0.03,0.0,-0.2,22.6,81.0,27.269,32.443
28.29,64.53,6.691,5.028,0.144,2083.0,-0.4,0.0,-0.1,67.8,81.0,24.991,32.503
28.18,64.85,7.481,5.277,0.084,1320.0,0.15,0.0,0.0,10.0,98.0,24.12,32.313
28.22,64.97,7.957,5.482,0.09,555.0,0.15,0.0,-0.2,12.0,81.0,26.599,32.224
28.1,64.96,6.807,5.589,0.063,1898.0,-0.39,0.0,0.0,57.4,81.0,37.721,32.17
28.17,64.77,6.184,5.061,0.108,2009.0,-0.35,0.0,0.4,10.0,81.0,24.656,32.344
28.2,64.51,7.095,5.404,0.075,1537.0,-0.15,0.0,0.1,59.4,81.0,39.731,32.382
28.26,64.97,7.658,5.3,0.066,1693.0,0.15,0.0,-0.1,10.0,-81.36,38.927,32.357
28.32,64.66,6.382,5.346,0.082,444.0,0.16,0.0,0.2,69.4,81.0,39.463,32.391
28.31,64.91,5.882,4.92,0.114,1965.0,-0.35,0.0,0.1,59.4,98.0,26.063,32.455
28.24,65.14,7.939,5.24,0.101,1916.0,-0.11,0.0,-0.2,66.4,81.0,29.547,32.297
28.19,64.79,6.001,5.406,0.004,1257.0,-0.19,0.0,0.0,36.0,81.0,28.676,32.243
28.31,64.86,7.29,5.648,0.1,700.0,-0.11,0.0,-0.1,66.2,-81.36,34.907,32.384
28.36,64.84,8.163,5.497,0.047,1428.0,-0.43,0.0,0.0,24.2,-81.36,25.625,32.385
28.18,64.75,7.107,5.534,0.051,1916.0,0.15,0.0,-0.1,10.6,81.0,37.855,32.377
28.2,64.65,6.8,5.781,0.108,1022.0,0.13,0.0,-0.1,53.6,-81.36,33.419,32.299
28.27,64.57,6.006,5.142,0.111,2693.0,-0.35,0.0,-0.2,64.2,81.0,24.723,32.361
28.25,64.79,7.494,5.258,0.114,1680.0,-0.11,0.0,0.3,10.0,98.0,31.851,32.439
28.37,64.93,6.614,5.52,0.04,778.0,-0.04,0.0,0.0,55.8,81.0,25.625,32.394
28.22,65.11,7.038,5.218,-0.018,839.0,-0.44,0.0,0.3,15.6,81.0,29.212,32.332
28.31,64.8,7.766,5.304,0.028,2186.0,-0.43,0.0,-0.3,36.8,81.0,30.217,32.317
28.27,64.95,7.404,5.331,0.071,2406.0,0.2,0.0,0.0,42.2,81.0,29.949,32.355
28.19,65.02,8.101,5.166,0.063,2137.0,0.2,0.0,0.1,22.2,81.0,29.748,32.266
28.28,64.64,7.224,5.675,0.092,899.0,-0.3,0.0,-0.3,22.4,81.0,275.31,32.334
28.2,64.73,7.959,5.831,0.011,886.0,-0.4,0.0,-0.2,65.4,98.0,23.598,32.321
28.24,64.89,6.975,5.461,0.07,1017.0,-0.15,0.0,-0.2,10.0,-81.36,30.619,32.345
28.17,64.84,7.923,5.72,0.045,535.0,0.2,0.0,-0.2,12.8,98.0,33.283,32.288
28.15,64.84,7.552,5.478,0.043,1087.0,0.16,0.0,-0.1,34.8,98.0,24.187,32.288
28.33,65.14,6.063,5.112,0.139,476.0,-0.48,0.0,0.0,19.4,98.0,25.795,32.591
28.33,65.14,7.967,5.621,0.083,338.0,-0.43,0.0,-0.2,35.0,98.0,34.773,32.507
28.17,64.71,7.607,5.537,0.089,2741.0,0.0,0.0,0.0,19.0,-81.36,26.666,32.368
28.26,64.77,6.089,5.507,-0.017,2164.0,0.16,0.0,-0.2,56.0,98.0,35.108,32.416
28.19,64.78,7.926,5.565,0.113,2419.0,-0.48,0.0,0.2,21.2,81.0,26.532,32.335
28.31,64.49,6.76,5.25,0.04,1058.0,0.15,0.0,0.1,29.4,-81.36,29.078,32.565
28.23,64.78,7.596,5.269,-0.044,1126.0,0.19,0.0,0.1,42.4,81.0,26.465,32.315
28.2,64.89,6.881,5.554,-0.007,1285.0,0.45,0.0,-0.2,49.0,98.0,37.721,32.472
28.27,64.97,7.944,5.521,0.075,973.0,0.41,0.0,-0.1,54.0,81.0,38.793,32.278
28.24,64.68,7.23,5.168,0.051,3592.0,-0.3,0.0,-0.1,30.6,81.0,276.0,32.272
28.24,64.88,7.635,5.182,0.051,2138.0,-0.35,0.0,0.4,10.0,98.0,31.987,32.459
28.27,64.84,5.877,4.728,0.093,1608.0,-0.35,0.0,-0.3,40.8,81.0,26.264,32.332
28.23,65.09,7.094,5.385,0.056,1098.0,-0.4,0.0,-0.2,10.2,98.0,37.989,32.521
28.22,64.57,7.004,5.957,0.063,1293.0,-0.4,0.0,-0.1,17.4,81.0,20.904,32.302
28.26,65.07,7.077,5.497,0.042,722.0,-0.36,0.0,0.1,10.0,-81.36,30.954,32.368
28.18,64.97,7.994,5.142,0.114,2230.0,-0.39,0.0,0.1,58.4,81.0,29.815,32.304
28.29,64.86,6.202,5.316,0.075,525.0,0.2,0.0,-0.1,49.2,81.0,273.24,32.404
28.16,64.92,8.107,5.417,0.121,869.0,-0.04,0.0,-0.1,38.0,81.0,26.465,32.393
28.22,64.84,6.06,5.299,0.078,565.0,-0.3,0.0,-0.2,56.6,98.0,273.24,32.39
28.39,64.79,6.091,5.692,0.077,1057.0,0.15,0.0,0.4,12.0,81.0,33.283,32.443
28.26,64.89,7.36,5.16,0.058,425.0,-0.35,0.0,0.4,45.4,98.0,24.532,32.518
28.2,65.05,7.172,5.43,0.025,880.0,-0.43,0.0,0.0,42.0,98.0,30.954,32.341
28.21,64.9,8.261,5.46,0.077,1039.0,-0.04,0.0,-0.3,22.4,98.0,26.532,32.424
28.2,64.91,7.012,5.85,-0.026,955.0,0.16,0.0,0.4,28.4,98.0,23.256,32.251
28.26,64.8,7.413,5.253,0.029,1429.0,0.13,0.0,0.4,18.2,81.0,29.748,32.378
28.28,64.72,7.991,5.329,0.066,603.0,-0.4,0.0,0.4,43.0,98.0,29.182,32.507
28.32,64.83,7.773,5.525,0.008,2890.0,-0.35,0.0,-0.2,61.0,81.0,25.625,32.385
28.25,64.88,6.127,5.392,0.074,804.0,0.45,0.0,-0.2,44.6,81.0,31.021,32.332
28.23,64.93,8.079,5.546,-0.004,2495.0,-0.39,0.0,-0.2,65.0,81.0,38.031,32.305
28.3,65.16,6.021,5.256,0.055,2171.0,-0.35,0.0,0.3,10.0,81.0,27.202,32.365
28.3,64.63,8.536,5.359,0.095,624.0,-0.48,0.0,0.4,10.0,81.0,29.114,32.392
28.26,64.96,8.339,5.565,0.091,2803.0,0.45,0.0,-0.1,10.0,81.0,37.895,32.391
28.25,64.77,7.63,5.285,0.031,3677.0,0.49,0.0,0.4,10.0,98.0,275.31,32.288
28.27,64.8,6.512,5.208,0.046,2324.0,-0.36,0.0,0.4,36.8,-81.36,31.715,32.46
28.37,64.84,7.425,5.684,0.125,577.0,-0.43,0.0,0.4,67.6,81.0,33.283,32.278
28.25,64.97,8.052,5.258,0.095,810.0,0.2,0.0,-0.2,31.8,81.0,27.47,32.325
28.28,65.07,5.906,5.266,0.128,954.0,0.47,0.0,0.0,68.2,81.0,27.269,32.412
28.3,64.83,7.143,5.106,0.063,0.0,-0.44,0.0,0.4,17.4,81.0,26.13,32.348
28.23,64.92,6.192,5.507,0.055,887.0,-0.4,0.0,0.1,56.6,81.0,30.82,32.229
28.2,64.93,6.963,5.4,0.06,570.0,-0.15,0.0,0.4,29.0,81.0,37.788,32.275
28.22,65.13,8.144,5.184,0.038,2015.0,-0.35,0.0,-0.1,38.4,81.0,29.547,32.318
28.2,64.78,6.236,5.062,0.062,2622.0,0.0,0.0,0.1,10.0,98.0,24.589,32.399
28.21,64.95,7.287,5.553,0.083,1262.0,-0.48,0.0,0.0,10.0,98.0,26.465,32.474
28.24,64.94,8.781,5.205,0.037,575.0,0.13,0.0,0.1,65.2,81.0,27.47,32.287
28.28,64.51,6.778,5.382,0.055,1187.0,0.16,0.0,0.0,24.2,81.0,29.078,32.385
28.25,64.67,6.001,5.394,0.051,647.0,-0.36,0.0,0.1,38.4,-81.36,39.329,32.378
28.31,64.86,7.497,5.115,0.013,2627.0,0.11,0.0,-0.2,25.4,81.0,25.862,32.391
28.23,64.83,7.442,5.246,0.049,857.0,-0.4,0.0,-0.1,46.2,81.0,20.636,32.336
28.1,65.04,8.078,5.5,0.029,967.0,-0.19,0.0,0.5,40.8,81.0,37.759,32.194
28.14,65.01,8.132,5.404,-0.064,956.0,-0.4,0.0,-0.1,10.0,98.0,24.262,32.317
28.27,64.8,6.186,5.109,0.059,2472.0,0.19,0.0,0.1,29.6,81.0,24.455,32.264
28.25,65.27,5.746,5.563,-0.033,633.0,-0.43,0.0,0.0,50.6,98.0,27.336,32.409
28.26,64.88,7.209,5.204,0.011,312.0,-0.48,0.0,-0.1,65.2,81.0,273.24,32.31
28.21,65.02,6.398,5.239,0.092,1115.0,0.0,0.0,0.1,38.0,81.0,23.852,32.229
28.29,64.85,5.889,5.783,0.058,1093.0,0.16,0.0,-0.1,59.6,98.0,23.187,32.448
28.21,65.07,7.38,5.455,0.001,900.0,0.2,0.0,-0.2,12.8,98.0,31.155,32.424
28.27,65.06,6.89,5.409,0.032,956.0,-0.35,0.0,-0.1,65.6,-81.36,30.954,32.304
28.28,64.69,5.637,5.332,-0.024,1398.0,-0.43,0.0,-0.3,10.8,81.0,29.046,32.454
28.29,64.58,7.183,5.278,0.076,854.0,0.19,0.0,0.3,42.0,98.0,21.038,32.584
28.24,64.79,7.175,5.29,0.038,1627.0,-0.43,0.0,-0.3,60.2,98.0,29.614,32.477
28.25,64.96,7.544,5.2,-0.014,1044.0,-0.39,0.0,-0.3,24.2,81.0,24.053,32.445
28.27,64.92,7.421,4.9,0.154,499.0,0.45,0.0,0.1,10.0,98.0,26.063,32.381
28.3,64.85,7.174,5.282,0.086,395.0,0.2,0.0,-0.3,44.6,81.0,273.93,32.285
28.36,64.92,6.666,5.773,0.074,826.0,-0.48,0.0,-0.2,34.2,98.0,23.119,32.547
28.26,64.71,8.199,5.364,0.106,496.0,-0.48,0.0,0.1,55.0,98.0,29.046,32.222
28.28,64.69,6.294,5.365,0.091,396.0,0.2,0.0,-0.1,47.2,81.0,39.53,32.363
28.35,64.81,6.869,5.467,0.032,788.0,-0.35,0.0,0.0,10.0,81.0,30.954,32.337
28.2,64.53,7.286,5.254,0.068,847.0,-0.11,0.0,-0.3,64.6,81.0,21.105,32.311
28.25,64.94,7.723,5.65,-0.034,1821.0,-0.4,0.0,-0.2,10.0,81.0,37.827,32.381
28.17,64.87,8.435,5.738,0.136,2814.0,-0.11,0.0,0.1,29.8,98.0,38.099,32.351
28.28,64.72,7.747,5.467,0.138,896.0,0.45,0.0,0.1,38.6,81.0,38.927,32.339
28.31,64.7,7.45,5.34,0.103,1489.0,-0.35,0.0,-0.2,33.6,98.0,29.25,32.374
28.19,64.85,6.91,5.562,0.109,1186.0,-0.4,0.0,0.0,20.0,81.0,37.721,32.315
28.29,64.95,7.864,5.176,0.008,2429.0,0.0,0.0,0.0,14.8,81.0,29.815,32.366
28.27,64.8,6.035,5.847,0.09,1443.0,0.2,0.0,-0.3,49.0,81.0,23.461,32.437
28.18,65.01,6.936,5.266,0.081,799.0,-0.19,0.0,0.4,26.8,81.0,29.413,32.275
28.25,64.99,7.326,5.388,-0.003,1482.0,0.41,0.0,-0.1,13.4,81.0,38.86,32.283
28.19,64.55,6.908,5.456,0.028,2170.0,-0.35,0.0,-0.2,10.0,81.0,39.731,32.312
28.27,64.74,7.282,5.317,0.121,504.0,0.2,0.0,0.4,38.8,98.0,273.93,32.294
28.24,64.98,7.637,5.38,0.076,1864.0,-0.19,0.0,-0.2,12.2,-81.36,38.793,32.394
28.28,64.48,7.919,5.439,0.094,1475.0,-0.48,0.0,0.5,10.0,81.0,29.145,32.373
28.26,64.91,7.277,5.405,0.002,1049.0,0.13,0.0,0.1,16.0,81.0,37.788,32.222
28.26,65.14,7.829,5.608,0.074,768.0,-0.15,0.0,-0.1,55.8,81.0,34.773,32.332
28.29,64.63,6.944,5.474,0.07,2227.0,-0.19,0.0,0.1,37.6,98.0,276.69,32.436
28.22,64.64,7.264,5.554,0.109,1318.0,-0.43,0.0,-0.2,40.6,98.0,276.0,32.331
28.28,64.84,6.744,5.505,0.064,1168.0,-0.11,0.0,-0.2,10.0,81.0,30.82,32.398
28.27,64.76,7.516,5.181,0.063,769.0,-0.35,0.0,0.1,10.0,81.0,25.929,32.361
28.31,64.82,6.959,5.455,0.083,707.0,-0.48,0.0,-0.1,22.4,-81.36,30.954,32.507
28.25,64.58,6.718,5.368,0.061,1412.0,-0.04,0.0,-0.1,10.0,98.0,29.011,32.383
28.23,64.84,7.853,5.498,0.007,1441.0,-0.43,0.0,0.4,43.8,-81.36,26.465,32.475
28.15,64.71,7.74,5.467,0.121,1327.0,0.13,0.0,-0.1,22.8,81.0,26.532,32.303
28.21,64.69,7.159,5.343,-0.011,1948.0,0.45,0.0,-0.2,35.6,98.0,24.6,32.473
28.38,64.72,7.12,5.504,0.074,978.0,-0.35,0.0,0.1,35.8,81.0,273.93,32.353
28.29,64.9,8.274,5.717,0.063,2394.0,-0.4,0.0,-0.2,29.0,81.0,37.963,32.366
28.3,64.93,7.776,5.194,0.025,1986.0,-0.35,0.0,-0.2,27.2,81.0,31.783,32.444
28.22,64.97,6.561,5.227,0.008,1052.0,0.0,0.0,-0.1,37.2,81.0,23.986,32.366
28.19,64.71,8.51,5.377,0.028,798.0,-0.4,0.0,-0.1,60.0,81.0,29.046,32.289
28.27,64.99,6.025,5.406,0.063,887.0,-0.35,0.0,-0.1,12.2,98.0,30.686,32.465
28.3,64.71,6.322,5.28,0.063,832.0,-0.11,0.0,0.4,10.6,-81.36,29.182,32.372
28.21,65.02,7.709,5.294,0.1,1112.0,0.16,0.0,0.4,10.0,81.0,29.48,32.367
28.19,64.73,7.77,5.212,0.13,1133.0,-0.35,0.0,-0.1,31.4,98.0,26.532,32.468
28.24,64.91,5.999,5.592,0.064,646.0,-0.3,0.0,-0.1,10.0,-81.36,25.693,32.4
28.22,64.98,6.759,5.467,0.064,473.0,0.2,0.0,0.4,45.6,98.0,27.604,32.427
28.23,64.84,6.111,5.426,0.058,973.0,-0.04,0.0,-0.1,53.8,81.0,28.609,32.287
28.22,65.22,6.871,5.571,0.031,1240.0,0.11,0.0,-0.1,36.0,98.0,27.403,32.383
28.21,64.69,5.745,5.312,0.027,1216.0,0.18,0.0,-0.1,30.6,81.0,28.977,32.257
28.15,64.97,7.685,5.19,0.116,1269.0,0.0,0.0,-0.1,10.0,81.0,23.986,32.183
28.28,64.8,8.059,5.531,0.017,1764.0,-0.19,0.0,-0.2,62.8,81.0,25.557,32.352
28.2,64.66,5.674,5.305,0.039,762.0,-0.35,0.0,-0.2,10.0,81.0,28.743,32.244
28.24,64.57,6.886,5.55,-0.014,986.0,0.22,0.0,0.1,30.0,98.0,20.971,32.445
28.31,64.54,6.237,5.113,0.067,2444.0,-0.04,0.0,0.0,62.6,98.0,24.991,32.582
28.18,64.96,7.561,5.183,0.085,1012.0,0.36,0.0,-0.2,46.4,81.0,29.48,32.293
28.29,64.79,7.284,4.978,0.041,1886.0,-0.4,0.0,-0.1,20.4,81.0,26.13,32.5
28.25,64.83,7.548,5.553,0.021,1903.0,-0.19,0.0,-0.2,25.2,81.0,25.625,32.205
28.27,65.12,6.601,5.454,0.071,896.0,0.45,0.0,-0.3,33.2,81.0,31.088,32.337
28.22,64.92,7.759,5.302,0.058,1882.0,-0.48,0.0,0.4,60.2,98.0,29.547,32.31
28.29,64.95,8.185,5.489,0.063,2411.0,-0.04,0.0,-0.1,21.4,98.0,38.031,32.415
28.27,64.87,8.055,5.57,0.021,2750.0,-0.43,0.0,-0.2,10.0,-81.36,25.489,32.356
28.22,65.04,6.399,5.155,0.053,1240.0,0.2,0.0,0.5,64.6,98.0,29.614,32.396
28.18,64.91,5.583,5.545,0.034,1942.0,-0.04,0.0,0.2,20.8,98.0,37.855,32.391
28.29,64.86,6.867,5.463,0.13,809.0,-0.36,0.0,0.1,29.4,81.0,30.753,32.342
28.26,65.03,5.867,5.187,-0.055,645.0,0.13,0.0,-0.2,30.0,81.0,27.47,32.402
28.25,64.87,7.56,5.634,0.049,1219.0,0.16,0.0,-0.2,10.0,98.0,35.175,32.352
28.19,64.74,8.068,5.228,0.012,1514.0,-0.4,0.0,-0.1,10.0,98.0,31.987,32.381
28.22,64.7,8.404,5.377,0.044,678.0,0.41,0.0,-0.1,57.4,98.0,29.046,32.46
28.22,64.85,7.13,5.541,0.096,1433.0,0.19,0.0,-0.2,51.0,98.0,25.557,32.289
28.26,64.74,8.441,5.694,0.061,596.0,-0.48,0.0,0.0,29.6,81.0,38.927,32.224
28.17,64.81,7.766,5.2,0.154,3118.0,0.0,0.0,-0.1,44.4,81.0,24.397,32.245
28.17,64.72,7.038,5.239,0.052,2396.0,0.0,0.0,0.1,10.0,81.0,31.783,32.28
28.24,64.59,6.211,5.132,0.087,2479.0,-0.44,0.0,-0.1,27.4,81.0,24.79,32.312
28.21,64.83,7.498,5.493,0.139,1817.0,-0.35,0.0,0.4,44.6,81.0,24.12,32.25
28.19,64.85,7.838,5.167,0.056,2082.0,-0.4,0.0,-0.1,10.0,81.0,31.919,32.315
28.29,65.11,6.57,5.445,0.05,643.0,-0.35,0.0,-0.3,22.8,-81.36,30.887,32.505
28.33,64.85,7.274,5.052,0.075,444.0,-0.4,0.0,-0.2,12.0,81.0,26.063,32.276
28.31,64.57,6.665,5.389,0.023,1163.0,-0.11,0.0,0.4,30.0,81.0,29.011,32.302
28.16,64.81,6.281,5.443,0.025,768.0,-0.4,0.0,-0.1,51.6,81.0,38.19,32.32
28.24,64.65,7.404,5.61,0.066,1047.0,-0.19,0.0,0.1,10.0,98.0,277.38,32.359
28.26,64.74,7.477,5.679,0.133,465.0,0.13,0.0,0.0,32.8,-22.36,33.419,32.528
28.2,64.95,7.867,5.593,0.009,549.0,0.15,0.0,0.1,55.4,98.0,26.532,32.323
28.22,64.68,6.967,5.185,0.124,2674.0,-0.48,0.0,-0.2,65.0,81.0,24.723,32.36
28.29,64.54,7.005,5.393,0.06,1695.0,0.0,0.0,-0.1,23.4,81.0,28.944,32.463
28.12,64.64,6.096,5.368,0.009,1113.0,-0.43,0.0,-0.2,60.2,98.0,28.743,32.31
28.28,64.86,7.534,5.418,0.024,838.0,0.16,0.0,-0.2,25.6,81.0,24.187,32.328
28.3,64.82,6.801,5.52,0.015,1485.0,0.0,0.0,0.1,19.0,98.0,25.693,32.389
28.28,65.04,6.961,5.608,0.029,814.0,-0.35,0.0,0.0,10.0,98.0,27.47,32.497
28.27,64.86,7.081,5.031,0.078,691.0,0.03,0.0,-0.1,19.0,81.0,26.13,32.364
28.2,65.09,7.26,5.488,0.001,1575.0,-0.4,0.0,-0.1,10.0,81.0,37.721,32.429
28.18,64.81,6.784,5.571,0.047,1313.0,-0.3,0.0,0.4,17.0,-81.36,37.721,32.488
28.23,65.04,8.088,5.496,0.041,954.0,-0.11,0.0,-0.05,61.2,81.0,24.33,32.372
28.15,64.83,7.456,5.207,0.133,871.0,-0.3,0.0,-0.2,64.2,81.0,24.465,32.21
28.35,64.88,8.372,5.556,0.021,2523.0,-0.35,0.0,-0.1,58.4,98.0,25.557,32.529
28.2,64.98,7.927,5.581,0.044,583.0,-0.35,0.0,-0.2,14.8,81.0,26.532,32.209
28.25,64.96,8.047,5.233,0.029,479.0,-0.15,0.0,0.1,65.8,81.0,27.47,32.396
28.27,64.75,6.884,5.504,0.038,824.0,-0.43,0.0,-0.3,52.8,98.0,31.021,32.542
28.27,64.75,5.71,5.366,0.101,1316.0,0.19,0.0,0.1,10.0,81.0,28.977,32.258
28.22,65.06,7.221,5.551,0.025,1804.0,-0.11,0.0,0.4,15.0,-81.36,37.654,32.329
28.27,64.88,8.445,5.633,0.076,1778.0,-0.36,0.0,-0.1,33.0,98.0,37.963,32.468
28.32,64.72,6.032,5.786,0.01,1328.0,-0.4,0.0,0.1,10.0,98.0,35.309,32.533
28.23,64.93,7.548,5.349,-0.022,1600.0,-0.39,0.0,0.1,55.6,-81.36,26.331,32.458
28.28,64.9,6.904,5.874,0.106,856.0,-0.35,0.0,-0.1,14.8,98.0,23.256,32.442
28.33,64.71,7.626,5.382,0.058,1136.0,-0.43,0.0,-0.1,13.6,81.0,38.994,32.471
28.3,64.54,6.856,5.453,0.022,1127.0,-0.19,0.0,-0.1,49.2,81.0,28.944,32.45
28.19,64.99,6.925,5.839,-0.024,1574.0,-0.15,0.0,-0.1,29.8,98.0,22.914,32.412
28.3,64.69,7.976,5.455,0.092,223.0,-0.4,0.0,-0.2,25.2,98.0,38.994,32.422
28.25,64.78,6.896,5.538,0.074,866.0,-0.44,0.0,-0.2,39.2,81.0,31.021,32.376
28.26,64.96,7.225,5.694,-0.035,747.0,0.19,0.0,-0.2,76.4,98.0,20.502,32.46
28.29,65.06,5.833,5.127,0.048,712.0,-0.35,0.0,-0.1,10.0,98.0,27.269,32.524
28.32,64.84,7.016,5.031,0.041,2118.0,-0.35,0.0,-0.2,43.6,81.0,25.929,32.242
28.3,65.03,6.265,5.738,0.108,1359.0,-0.19,0.0,-0.2,10.0,81.0,23.119,32.395
28.31,64.81,7.246,5.597,0.018,1217.0,-0.11,0.0,0.0,68.0,81.0,25.557,32.402
28.21,65.05,6.076,5.262,0.123,887.0,0.2,0.0,-0.2,48.4,81.0,27.403,32.211
28.29,64.92,6.779,5.884,0.082,884.0,-0.48,0.0,-0.2,45.4,98.0,23.187,32.515
28.34,65.08,7.533,5.463,0.041,794.0,-0.43,0.0,-0.1,38.6,-81.36,30.82,32.538
28.33,64.83,7.121,5.28,0.062,2017.0,-0.48,0.0,0.1,59.6,81.0,31.919,32.525
28.26,64.56,5.883,5.154,0.167,2638.0,0.19,0.0,-0.1,42.0,81.0,24.723,32.332
28.28,64.57,6.93,5.338,0.09,322.0,-0.11,0.0,-0.1,39.6,81.0,21.038,32.436
28.35,64.82,7.238,5.393,0.071,300.0,0.2,0.0,0.1,10.0,98.0,272.55,32.554
28.25,64.82,7.175,5.269,0.006,1517.0,0.49,0.0,0.1,18.6,81.0,29.547,32.416
28.34,64.81,7.366,5.222,-0.002,794.0,0.16,0.0,0.4,42.8,98.0,20.569,32.594
28.31,64.83,7.231,5.133,0.143,2055.0,0.11,0.0,-0.1,10.0,81.0,26.197,32.316
28.18,64.69,7.653,5.723,-0.034,971.0,0.2,0.0,0.2,23.0,81.0,23.529,32.191
28.17,64.57,6.875,5.206,0.054,1264.0,0.13,0.0,0.4,26.0,98.0,20.971,32.383
28.33,65.09,5.882,5.072,0.043,374.0,-0.44,0.0,0.0,10.0,81.0,25.996,32.479
28.18,65.09,7.687,5.507,0.053,2992.0,-0.48,0.0,0.0,46.4,-81.36,37.759,32.282
28.17,64.54,6.799,5.585,0.066,1112.0,-0.35,0.0,-0.2,25.8,98.0,21.038,32.375
28.17,64.72,6.812,5.742,0.029,1091.0,-0.35,0.0,-0.2,14.2,81.0,33.419,32.346
28.3,65.21,8.127,5.235,0.116,1072.0,-0.04,0.0,0.2,10.0,98.0,29.413,32.529
28.21,64.89,7.855,5.543,0.129,762.0,-0.19,0.0,0.4,66.2,98.0,26.532,32.409
28.32,64.72,6.472,5.4,0.056,1451.0,-0.04,0.0,0.4,47.2,81.0,29.114,32.362
28.21,64.86,7.553,5.727,0.063,784.0,-0.44,0.0,-0.3,31.4,98.0,33.147,32.382
28.3,64.61,6.533,5.352,0.064,736.0,-0.4,0.0,0.0,44.2,-81.36,29.614,32.395
28.26,64.69,5.919,5.656,-0.022,1014.0,0.11,0.0,0.2,44.6,81.0,33.623,32.379
28.23,64.84,7.585,5.483,0.033,731.0,-0.4,0.0,-0.2,33.2,98.0,24.254,32.457
28.2,64.75,6.478,5.436,0.089,884.0,-0.4,0.0,0.2,10.0,81.0,39.329,32.273
28.27,64.93,6.732,5.392,0.009,1193.0,-0.11,0.0,-0.2,42.0,-81.36,29.815,32.379
28.33,64.99,7.557,5.527,0.069,1169.0,-0.15,0.0,0.0,58.2,81.0,37.827,32.336
28.24,64.69,5.994,5.382,0.101,1100.0,-0.3,0.0,0.4,23.2,81.0,28.676,32.342
28.34,64.61,6.405,5.335,0.041,461.0,-0.04,0.0,0.4,15.8,-81.36,39.597,32.494
28.16,65.06,8.227,5.732,0.055,3662.0,-0.19,0.0,0.1,63.8,81.0,24.127,32.348
28.32,64.93,5.924,5.601,0.1,1727.0,0.2,0.0,-0.2,33.8,81.0,23.119,32.5
28.31,65.08,7.815,5.517,0.057,595.0,-0.11,0.0,-0.2,43.4,98.0,34.907,32.499
28.09,65.08,6.731,5.554,0.06,1918.0,0.0,0.0,0.1,12.2,81.0,37.453,32.271
28.29,64.67,6.117,5.063,0.069,2159.0,-0.35,0.0,-0.4,21.8,98.0,24.522,32.538
28.17,64.85,6.952,5.587,0.08,859.0,-0.3,0.0,0.4,16.2,-81.36,37.721,32.409
28.3,64.61,8.622,5.389,-0.021,715.0,-0.48,0.0,0.4,44.8,81.0,29.114,32.375
28.21,64.91,7.635,5.522,0.143,1615.0,-0.35,0.0,-0.2,18.2,81.0,38.927,32.294
28.27,64.73,7.583,5.357,0.005,834.0,-0.36,0.0,-0.1,44.2,98.0,29.046,32.443
28.29,64.93,8.525,5.63,0.002,2815.0,-0.48,0.0,-0.1,53.4,-81.36,37.895,32.358
28.21,65.12,7.23,5.447,0.099,752.0,-0.4,0.0,0.3,37.4,98.0,37.855,32.426
28.21,64.7,7.217,5.61,0.032,929.0,0.15,0.0,-0.1,38.0,81.0,276.69,32.299
28.23,64.6,5.912,5.186,0.108,2285.0,-0.44,0.0,-0.1,32.8,98.0,24.656,32.44
28.25,64.79,7.13,5.572,-0.011,1378.0,0.2,0.0,-0.2,31.4,81.0,25.625,32.388
28.17,64.48,6.696,5.181,0.075,2549.0,-0.39,0.0,-0.1,65.8,81.0,25.192,32.164
28.2,65.05,7.171,5.609,0.06,1382.0,0.16,0.0,-0.1,42.8,98.0,27.403,32.45
28.26,64.65,6.601,5.426,-0.012,1196.0,-0.15,0.0,0.1,69.2,81.0,28.609,32.176
28.18,64.53,7.022,5.25,0.094,1153.0,-0.35,0.0,-0.1,67.8,98.0,21.105,32.268
28.25,64.97,7.334,5.291,0.086,1329.0,-0.44,0.0,0.4,31.4,-81.36,29.681,32.327
28.28,65.13,6.485,5.311,0.047,1628.0,-0.48,0.0,0.3,28.2,81.0,29.547,32.365
28.19,64.71,6.42,5.431,0.09,1044.0,-0.4,0.0,0.2,41.0,81.0,39.463,32.247
28.23,65.09,6.471,5.39,0.068,1221.0,0.19,0.0,0.3,30.0,98.0,30.954,32.307
28.37,64.91,8.334,5.751,0.053,2407.0,-0.4,0.0,-0.2,56.4,98.0,37.895,32.568
28.24,65.11,7.662,5.25,-0.006,1996.0,-0.35,0.0,-0.1,41.4,81.0,29.681,32.36
28.27,64.69,7.843,5.697,0.11,1081.0,-0.42,0.0,0.0,67.4,98.0,38.927,32.464
28.2,64.51,6.739,5.176,0.077,2043.0,-0.39,0.0,-0.2,33.4,98.0,25.125,32.44
28.24,65.05,6.824,5.275,0.052,681.0,0.16,0.0,0.4,10.0,81.0,29.346,32.421
28.29,65.0,7.887,5.205,0.118,2347.0,-0.4,0.0,0.3,31.4,-81.36,29.681,32.476
28.25,64.95,8.314,5.665,0.057,2885.0,-0.36,0.0,-0.3,52.8,-81.36,37.963,32.354
28.3,64.59,6.13,5.426,0.095,798.0,-0.43,0.0,0.0,40.8,81.0,39.597,32.416
28.32,64.75,7.345,5.528,0.096,664.0,0.16,0.0,-0.1,38.4,81.0,275.31,32.351
28.25,64.55,7.32,5.579,0.037,1110.0,-0.43,0.0,-0.2,27.4,98.0,278.07,32.342
28.24,64.71,7.944,5.647,0.057,948.0,-0.4,0.0,-0.1,67.6,-81.36,38.927,32.326
28.26,64.93,7.162,5.831,-0.055,1365.0,0.19,0.0,-0.2,42.2,81.0,23.119,32.344
28.3,64.53,7.068,5.413,0.068,1032.0,-0.11,0.0,-0.1,56.0,98.0,39.798,32.456
28.23,64.92,7.449,5.849,-0.002,797.0,-0.4,0.0,-0.2,68.8,81.0,23.256,32.337
28.25,65.01,7.238,5.418,0.052,1401.0,-0.04,0.0,0.1,65.0,98.0,37.989,32.508
28.23,64.71,7.272,5.245,0.113,3019.0,-0.43,0.0,-0.1,10.0,81.0,30.217,32.299
28.38,64.88,7.251,5.726,0.01,963.0,-0.48,0.0,-0.3,40.6,98.0,33.079,32.469
28.15,64.81,7.814,5.174,0.072,2981.0,0.0,0.0,-0.1,19.0,81.0,24.532,32.284
28.27,64.9,8.367,5.641,0.063,1190.0,-0.48,0.0,-0.1,10.0,81.0,38.031,32.493
28.19,64.99,7.864,5.243,0.082,256.0,-0.03,0.0,-0.1,26.0,98.0,27.537,32.44
28.21,64.86,7.699,5.185,0.062,2165.0,0.41,0.0,-0.1,57.4,98.0,31.919,32.402
28.31,65.1,6.914,5.31,0.073,902.0,-0.04,0.0,0.2,21.0,-23.36,29.279,32.496
28.22,64.72,7.546,5.766,-0.058,889.0,0.2,0.0,0.2,27.0,81.0,23.461,32.246
28.18,64.68,6.183,5.462,0.118,1672.0,-0.4,0.0,0.4,69.2,81.0,37.989,32.331
28.24,64.79,6.979,5.398,0.017,727.0,-0.04,0.0,-0.1,15.8,98.0,30.887,32.343
28.28,65.16,6.53,5.308,0.115,1235.0,0.2,0.0,0.5,50.0,81.0,29.413,32.354
28.13,65.07,7.065,5.389,-0.012,1096.0,-0.09,0.0,0.1,53.0,81.0,37.855,32.319
28.23,64.96,7.714,5.189,-0.015,884.0,-0.35,0.0,-0.1,24.0,81.0,23.986,32.35
28.28,64.82,6.5,5.27,0.105,795.0,-0.4,0.0,-0.1,58.4,81.0,273.24,32.393
28.33,64.86,7.071,5.312,0.012,1231.0,-0.48,0.0,-0.1,48.8,98.0,20.435,32.54
28.29,64.99,7.267,5.235,0.073,2661.0,-0.15,0.0,0.1,64.6,-81.36,29.748,32.442
28.27,64.68,6.437,5.454,0.029,751.0,-0.48,0.0,0.4,38.2,81.0,39.463,32.424
28.25,64.98,7.261,5.214,-0.033,774.0,-0.15,0.0,0.0,22.6,98.0,23.919,32.427
28.26,65.1,6.997,5.464,0.115,579.0,-0.4,0.0,0.4,54.0,81.0,30.954,32.357
28.23,64.78,7.654,5.319,0.083,1440.0,0.13,0.0,0.4,20.0,98.0,29.681,32.431
28.2,64.66,7.104,5.196,0.074,2254.0,-0.15,0.0,0.1,66.4,81.0,24.656,32.316
28.3,64.63,7.377,5.659,0.031,1091.0,-0.48,0.0,-0.2,55.0,-81.36,276.0,32.431
28.27,64.76,7.463,5.691,0.094,262.0,-0.4,0.0,-0.1,31.6,81.0,33.283,32.479
28.13,64.99,7.586,5.319,0.137,987.0,-0.35,0.0,-0.1,20.8,81.0,20.435,32.247
28.22,65.02,7.152,5.737,0.081,1004.0,-0.48,1.0,0.1,52.6,81.0,20.368,32.277
28.18,65.11,6.732,5.565,0.102,1007.0,-0.15,0.0,-0.1,26.8,81.0,37.654,32.354
28.3,64.79,6.875,5.227,0.067,2192.0,-0.35,0.0,-0.1,69.6,81.0,31.715,32.417
28.21,64.69,6.66,5.44,0.061,579.0,-0.35,0.0,-0.2,56.2,81.0,28.877,32.231
28.23,64.88,7.065,5.871,0.096,720.0,0.16,0.0,-0.3,44.4,81.0,23.324,32.418
28.19,64.54,6.97,5.283,0.04,931.0,-0.35,0.0,-0.1,9.9,81.0,21.038,32.32
28.33,64.96,7.894,5.231,0.047,683.0,-0.48,0.0,0.0,10.0,98.0,27.403,32.479
28.26,64.7,8.192,5.415,0.099,924.0,0.13,0.0,0.3,10.0,81.0,38.927,32.391
28.28,64.71,8.95,5.533,0.106,1148.0,-0.04,0.0,-0.2,30.0,81.0,274.62,32.189
28.25,64.76,6.884,5.421,0.02,975.0,-0.43,0.0,-0.3,52.4,98.0,31.155,32.502
28.23,64.55,6.896,5.443,0.082,1416.0,-0.3,0.0,0.3,64.4,81.0,28.944,32.312
28.14,64.8,7.553,5.594,-0.007,506.0,0.2,0.0,-0.3,35.4,98.0,33.215,32.384
28.28,64.77,8.097,5.592,0.016,3066.0,-0.35,0.0,-0.1,28.0,81.0,25.489,32.379
28.12,65.04,7.342,5.417,0.008,1565.0,-0.43,0.0,-0.1,10.0,98.0,38.056,32.436
28.26,64.78,7.453,5.786,0.061,150.0,0.45,0.0,0.2,48.4,81.0,33.215,32.342
28.17,64.66,7.036,5.12,0.077,2131.0,-0.35,0.0,-0.1,10.0,81.0,24.924,32.194
28.21,64.73,7.267,5.276,0.045,1472.0,-0.11,0.0,-0.2,10.0,81.0,30.284,32.313
28.32,65.16,6.693,5.349,0.065,1397.0,-0.48,0.0,0.3,60.2,81.0,29.614,32.416
28.36,64.9,6.732,5.796,0.07,963.0,-0.15,0.0,-0.1,68.2,-81.36,23.119,32.459
28.34,64.94,6.241,5.68,0.097,1302.0,-0.3,0.0,0.0,59.8,81.0,23.324,32.478
28.26,64.81,6.172,5.558,0.043,1478.0,-0.48,0.0,-0.2,24.6,-81.36,28.542,32.405
28.23,64.96,7.591,5.303,0.095,1063.0,-0.19,0.0,0.2,10.0,81.0,29.547,32.312
28.22,64.9,8.344,5.674,-0.016,2938.0,-0.43,0.0,-0.1,57.4,81.0,38.099,32.269
28.31,64.91,8.418,5.701,0.046,2515.0,-0.35,0.0,-0.2,66.0,-81.36,38.031,32.525
28.23,64.84,6.799,5.724,0.043,1130.0,-0.39,0.0,-0.1,66.0,98.0,33.283,32.392
28.3,64.89,7.655,5.177,0.031,2455.0,0.45,0.0,-0.1,54.6,81.0,31.715,32.339
28.25,64.8,7.27,5.8,0.121,853.0,-0.35,0.0,-0.1,67.6,98.0,23.256,32.422
28.19,64.53,6.778,5.271,0.021,1069.0,0.19,0.0,0.3,63.4,98.0,20.971,32.327
28.24,65.09,6.53,5.302,0.116,1962.0,-0.39,0.0,0.3,42.4,98.0,29.547,32.394
28.34,64.48,6.699,5.407,0.014,1255.0,-0.07,0.0,0.0,45.4,81.0,29.078,32.495
28.25,64.69,6.896,5.625,0.074,814.0,0.0,0.0,0.4,10.0,81.0,33.555,32.491
28.23,65.04,5.961,5.297,0.014,997.0,0.47,0.0,0.0,40.0,81.0,27.403,32.226
28.27,64.81,6.857,5.492,0.054,941.0,-0.4,0.0,-0.1,10.0,98.0,30.954,32.49
28.21,64.85,8.591,5.633,0.047,2712.0,-0.43,0.0,-0.1,21.6,81.0,38.031,32.326
28.26,64.91,6.021,5.053,0.084,861.0,0.0,0.0,-0.2,10.0,81.0,26.063,32.367
28.23,64.66,5.62,5.322,0.045,1147.0,0.19,0.0,0.4,68.8,81.0,28.475,32.392
28.23,64.83,7.655,5.269,0.053,2499.0,-0.48,0.0,-0.4,13.6,98.0,31.851,32.356
28.23,64.9,8.509,5.568,0.016,2513.0,-0.4,0.0,0.2,10.0,98.0,25.557,32.314
28.23,64.93,7.396,5.294,0.022,1969.0,-0.3,0.0,-0.1,40.4,98.0,29.547,32.37
28.21,65.06,7.018,5.835,0.102,1475.0,-0.4,0.0,-0.2,10.0,81.0,23.187,32.319
28.19,64.52,6.696,5.336,0.058,1322.0,-0.08,0.0,-0.1,48.4,81.0,29.145,32.223
28.28,64.82,6.825,5.322,0.145,1008.0,0.2,0.0,-0.1,10.0,81.0,271.86,32.315
28.24,64.92,7.572,5.204,0.114,653.0,-0.3,0.0,-0.1,20.8,-81.36,25.929,32.372
28.21,64.68,6.247,5.473,0.145,1348.0,-0.4,0.0,0.4,40.2,81.0,37.922,32.405
28.21,64.73,8.107,5.346,0.027,426.0,0.13,0.0,0.4,61.8,81.0,29.182,32.295
28.35,64.94,5.791,4.788,0.078,1716.0,0.15,0.0,-0.1,16.2,-81.36,26.063,32.511
28.24,64.59,8.434,5.452,0.079,810.0,0.22,0.0,0.1,41.4,98.0,39.664,32.407
28.3,64.84,8.182,5.557,-0.029,1875.0,-0.19,0.0,-0.2,59.2,-81.36,25.693,32.324
28.18,64.81,7.401,5.202,0.063,461.0,-0.4,0.0,-0.1,32.0,98.0,24.735,32.428
28.25,64.68,5.609,5.409,0.111,665.0,-0.04,0.0,-0.1,11.6,98.0,28.81,32.448
28.23,64.68,6.652,5.686,0.007,985.0,0.11,0.0,0.2,10.0,81.0,33.487,32.37
28.29,64.96,8.735,5.269,0.064,585.0,-0.11,0.0,-0.2,53.6,-22.36,27.604,32.381
28.29,64.95,7.074,5.256,0.098,948.0,0.0,0.0,0.2,10.0,81.0,23.718,32.384
28.28,65.04,6.924,5.612,0.131,1584.0,-0.36,0.0,0.0,33.2,-81.36,23.187,32.506
28.24,64.64,7.215,5.515,0.022,1293.0,-0.44,0.0,0.0,51.2,81.0,37.922,32.51
28.22,64.96,8.28,5.538,-0.133,2269.0,-0.39,0.0,-0.2,65.4,81.0,37.827,32.297
28.2,64.99,5.71,5.592,0.004,736.0,-0.4,0.0,-0.1,68.2,98.0,27.537,32.416
28.22,65.02,8.037,5.018,0.065,2105.0,-0.4,0.0,-0.1,10.0,81.0,24.262,32.386
28.25,64.54,7.303,5.448,0.11,1920.0,-0.4,0.0,0.3,11.4,98.0,39.597,32.568
28.19,64.51,6.77,5.387,0.059,1366.0,-0.48,0.0,-0.1,48.4,81.0,29.145,32.29
28.32,65.1,6.133,5.448,0.144,643.0,-0.15,0.0,-0.1,39.4,-81.36,30.887,32.405
28.36,64.87,7.271,4.989,0.053,715.0,-0.35,0.0,0.1,41.6,81.0,26.063,32.378
28.23,64.94,5.84,5.448,0.116,342.0,-0.35,0.0,-0.1,49.4,98.0,26.13,32.408
28.26,64.82,7.382,5.599,0.044,1217.0,0.41,0.0,0.1,10.0,-81.36,35.108,32.295
28.23,64.86,8.032,5.277,0.059,428.0,-0.39,0.0,0.1,10.0,81.0,271.86,32.45
28.31,64.8,8.185,5.394,0.099,376.0,0.17,0.0,0.0,67.2,81.0,28.977,32.317
28.26,64.78,7.104,5.621,0.073,815.0,0.16,0.0,0.3,53.6,81.0,276.0,32.346
28.18,64.89,6.987,5.417,0.018,1213.0,-0.4,0.0,0.0,53.0,81.0,37.855,32.299
28.26,64.91,6.76,5.503,0.083,921.0,-0.11,0.0,-0.2,17.6,81.0,23.256,32.318
28.21,65.0,6.881,4.754,0.091,1098.0,-0.4,0.0,0.3,49.6,81.0,30.887,32.328
28.28,64.94,5.871,5.02,0.084,1858.0,0.16,0.0,0.1,21.6,81.0,25.862,32.421
28.24,64.82,7.232,5.207,0.009,1655.0,0.49,0.0,-0.2,44.2,81.0,29.748,32.288
28.26,64.86,6.888,5.523,0.064,793.0,0.13,0.0,0.4,34.4,81.0,30.82,32.311
28.13,64.72,5.934,5.648,0.057,2565.0,0.16,0.0,-0.2,65.8,81.0,35.376,32.181
28.13,64.91,7.53,5.267,0.07,1330.0,-0.39,0.0,-0.1,10.0,81.0,29.48,32.262
28.26,65.1,7.16,5.635,0.067,694.0,-0.44,0.0,0.4,38.4,81.0,27.537,32.444
28.17,64.83,8.076,5.375,0.078,1378.0,0.49,0.0,0.1,43.6,98.0,26.465,32.359
28.23,65.09,6.573,5.519,-0.011,531.0,0.16,0.0,0.0,46.8,81.0,27.604,32.368
28.2,65.04,8.129,5.371,0.107,851.0,-0.19,0.0,-0.1,69.0,81.0,24.33,32.301
28.23,64.92,6.557,5.261,0.041,1351.0,0.17,0.0,-0.3,69.2,-81.36,24.053,32.425
28.3,64.69,7.891,5.63,-0.007,244.0,-0.35,0.0,-0.3,23.6,98.0,39.061,32.568
28.25,64.99,6.882,5.668,0.031,1424.0,-0.44,0.0,0.5,45.6,81.0,23.05,32.352
28.28,64.69,7.842,5.32,0.067,2058.0,0.15,0.0,0.0,15.8,98.0,29.182,32.363
28.25,65.17,6.44,5.318,0.097,1449.0,-0.4,0.0,-0.2,10.0,98.0,29.413,32.538
28.26,64.88,5.978,5.034,0.082,464.0,0.45,0.0,0.0,69.2,81.0,26.264,32.301
28.23,64.51,6.649,5.087,0.109,2167.0,-0.35,0.0,-0.2,19.6,98.0,25.125,32.4
28.17,64.96,7.855,5.532,0.087,1336.0,-0.39,0.0,0.1,52.2,81.0,26.465,32.288
28.28,64.8,6.834,5.041,0.131,910.0,-0.35,0.0,0.0,46.6,98.0,26.13,32.479
28.24,64.92,7.616,5.171,0.098,600.0,-0.15,0.0,0.2,10.0,81.0,23.986,32.28
28.22,64.9,8.321,5.604,-0.019,1883.0,-0.48,0.0,0.0,10.0,98.0,37.895,32.509
28.25,64.44,7.014,5.295,0.082,2396.0,-0.4,0.0,0.0,15.8,-81.36,24.857,32.394
28.25,64.87,7.905,5.55,0.021,2953.0,-0.11,0.0,0.0,24.0,81.0,25.625,32.197
28.21,64.87,7.288,5.757,0.029,832.0,-0.4,0.0,-0.1,36.6,81.0,33.215,32.26
28.27,64.81,7.328,5.28,0.049,812.0,-0.35,0.0,0.4,50.4,-81.36,20.703,32.363
28.31,64.88,6.524,5.356,-0.042,1902.0,-0.19,0.0,-0.1,52.8,81.0,28.955,32.379
28.28,64.73,7.322,5.281,0.119,202.0,0.0,0.0,-0.1,57.6,-81.36,274.62,32.324
28.23,64.48,6.816,5.186,0.077,2265.0,0.0,0.0,0.4,54.0,98.0,25.192,32.448
28.24,64.52,6.878,5.523,0.008,1620.0,-0.35,0.0,0.1,56.2,98.0,39.664,32.443
28.29,64.61,6.21,5.312,-0.009,2417.0,-0.35,0.0,-0.3,27.2,98.0,24.656,32.384
28.16,64.48,7.037,5.243,0.014,1965.0,-0.09,0.0,-0.1,10.0,98.0,21.105,32.385
28.18,64.76,7.003,5.341,0.13,2447.0,-0.04,0.0,-0.1,45.4,98.0,30.217,32.353
28.22,64.8,7.952,5.503,0.015,2122.0,0.19,0.0,-0.1,67.0,81.0,26.532,32.391
28.25,65.1,7.755,5.594,0.052,835.0,-0.11,0.0,-0.1,30.0,81.0,27.47,32.302
28.21,64.52,7.303,5.491,0.097,1414.0,-0.43,0.0,-0.1,61.4,81.0,39.731,32.29
28.25,64.6,5.944,5.116,0.071,2554.0,-0.43,0.0,0.1,23.2,-81.36,24.656,32.46
28.27,64.77,6.195,5.137,0.134,2638.0,-0.15,0.0,-0.1,34.0,81.0,24.589,32.392
28.15,65.08,7.265,5.37,0.047,979.0,-0.19,0.0,0.1,53.6,81.0,38.056,32.286
28.23,65.02,7.895,5.607,0.107,2535.0,-0.48,0.0,0.2,43.4,81.0,26.331,32.257
28.21,64.88,6.869,5.235,0.056,2077.0,-0.48,0.0,0.2,36.0,81.0,24.397,32.379
28.25,64.86,5.805,5.215,0.015,617.0,-0.4,0.0,0.0,20.6,81.0,26.197,32.235
28.19,64.94,7.638,5.238,0.066,2282.0,-0.48,0.0,-0.1,61.8,98.0,29.48,32.323
28.3,64.71,7.603,5.518,0.008,933.0,-0.36,0.0,-0.2,34.0,81.0,39.195,32.32
28.21,64.9,7.837,5.485,0.022,1304.0,-0.48,0.0,-0.1,28.6,81.0,26.398,32.414
28.28,64.67,6.946,5.266,0.071,1690.0,-0.4,0.0,0.0,34.8,-81.36,30.15,32.536
28.22,64.91,7.462,5.286,0.102,2188.0,0.0,0.0,-0.2,24.0,81.0,30.016,32.354
28.22,64.98,8.095,5.238,0.024,765.0,-0.15,0.0,-0.1,61.0,98.0,27.47,32.375
28.34,64.87,7.388,5.653,0.043,888.0,-0.19,0.0,-0.1,55.4,81.0,35.041,32.443
28.27,64.89,5.943,5.2,0.1,2141.0,-0.43,0.0,-0.1,26.0,98.0,26.197,32.456
28.2,64.91,8.405,5.572,0.044,1612.0,-0.19,0.0,-0.1,22.6,81.0,37.895,32.338
28.3,64.93,7.655,5.323,0.053,1276.0,-0.4,0.0,-0.2,28.8,98.0,38.994,32.402
28.11,64.9,8.284,5.339,0.095,762.0,0.49,0.0,0.1,13.2,81.0,26.532,32.174
28.3,64.91,7.745,5.176,0.134,2082.0,-0.35,0.0,-0.2,10.0,-22.36,31.851,32.375
28.27,64.81,7.261,5.276,0.077,2321.0,-0.44,0.0,0.4,64.8,-81.36,31.579,32.335
28.24,64.82,6.854,5.465,0.07,882.0,-0.44,0.0,0.0,47.2,81.0,31.021,32.316
28.32,64.86,6.439,5.293,0.078,639.0,-0.3,0.0,-0.1,44.8,98.0,273.24,32.43
28.22,65.05,7.108,5.397,0.081,762.0,-0.4,0.0,-0.1,10.0,81.0,37.855,32.443
28.27,65.08,6.916,5.273,0.054,810.0,0.49,0.0,-0.2,44.2,81.0,29.279,32.305
28.25,64.67,7.106,5.408,0.004,933.0,0.16,0.0,-0.2,55.2,98.0,274.62,32.404
28.29,64.49,6.746,5.397,0.08,1388.0,-0.15,0.0,-0.1,32.0,98.0,29.078,32.519
28.22,64.97,7.412,5.287,0.034,788.0,0.19,0.0,0.1,63.4,81.0,20.435,32.369
28.2,64.95,7.458,5.249,-0.02,669.0,0.0,0.0,-0.2,58.4,81.0,23.986,32.341
28.24,64.58,6.942,5.318,0.097,1161.0,-0.11,0.0,-0.1,34.4,81.0,21.105,32.327
28.16,64.86,7.517,5.486,-0.038,1148.0,0.15,0.0,-0.1,63.2,98.0,24.187,32.362
28.29,64.67,7.412,5.272,0.081,1175.0,-0.35,0.0,0.0,34.6,81.0,29.114,32.463
28.3,65.11,6.455,5.205,0.155,1437.0,-0.15,0.0,0.1,39.8,98.0,29.547,32.527
28.2,64.79,7.213,5.23,0.04,766.0,-0.4,0.0,0.0,22.0,-81.36,20.77,32.511
28.19,65.11,6.56,5.358,0.004,1709.0,0.19,0.0,0.4,62.8,81.0,29.614,32.268
28.22,65.09,6.985,5.242,-0.017,990.0,-0.3,0.0,-0.2,65.6,98.0,29.413,32.338
28.27,64.58,7.11,5.262,0.024,1790.0,0.41,0.0,-0.3,40.8,81.0,20.904,32.518
28.26,64.74,7.594,5.301,0.004,1242.0,-0.35,0.0,0.4,10.0,81.0,29.114,32.388
28.26,64.96,7.482,5.435,0.072,1023.0,-0.48,0.0,-0.3,10.0,98.0,37.895,32.358
28.24,64.86,7.47,5.006,0.054,498.0,0.03,0.0,-0.1,21.0,81.0,26.264,32.206
28.19,64.79,7.175,5.246,0.067,1518.0,-0.4,0.0,0.4,49.0,81.0,29.748,32.355
28.14,64.54,6.824,5.358,0.086,1254.0,0.2,0.0,0.1,30.2,81.0,28.877,32.22
28.17,65.04,6.932,5.272,0.053,1492.0,0.2,0.0,-0.2,63.8,98.0,29.681,32.289
28.24,64.79,8.521,5.323,0.119,2476.0,-0.11,0.0,0.0,13.8,81.0,25.625,32.211
28.29,64.6,8.477,5.512,0.105,1344.0,-0.36,0.0,-0.3,52.2,81.0,39.597,32.462
28.3,64.87,7.972,5.381,-0.011,316.0,0.2,0.0,-0.1,56.4,81.0,38.927,32.445
28.19,65.1,6.847,5.576,0.014,1058.0,-0.15,0.0,-0.1,32.8,81.0,37.52,32.352
28.23,64.78,7.21,5.328,0.135,2927.0,-0.3,0.0,-0.1,35.0,98.0,274.62,32.309
28.33,64.77,6.449,5.223,0.099,1807.0,-0.44,0.0,-0.1,30.0,81.0,31.851,32.501
28.2,64.78,7.858,5.516,0.088,2153.0,0.19,0.0,0.2,65.2,81.0,26.465,32.319
28.26,64.86,7.177,5.363,-0.005,553.0,0.2,0.0,-0.1,10.0,81.0,273.93,32.343
28.29,65.07,6.419,5.394,0.08,1148.0,-0.44,0.0,-0.3,68.0,81.0,31.088,32.415
28.09,64.92,7.951,5.465,0.026,2788.0,0.17,0.0,-0.1,10.0,81.0,26.532,32.168
28.14,65.09,7.27,5.469,0.08,1378.0,-0.11,0.0,-0.2,10.0,-81.36,37.989,32.243
28.3,64.81,7.743,5.491,0.019,1093.0,0.16,0.0,-0.1,53.4,81.0,26.398,32.371
28.24,64.98,7.822,5.398,0.044,412.0,-0.48,0.0,0.0,28.6,81.0,38.793,32.338
28.2,65.02,8.252,5.483,0.112,1131.0,0.15,0.0,0.0,61.8,98.0,24.33,32.389
28.18,65.05,8.132,5.459,0.105,907.0,-0.48,0.0,-0.1,68.4,81.0,24.33,32.308
28.24,64.81,6.028,5.04,0.085,545.0,0.45,0.0,-0.1,37.0,81.0,26.264,32.264
28.32,64.88,8.312,5.528,0.101,2347.0,0.0,0.0,0.1,18.4,98.0,25.489,32.414
28.17,64.88,7.913,5.523,-0.001,1689.0,0.19,0.0,-0.2,26.6,-81.36,26.465,32.387
28.17,65.08,5.933,5.285,0.072,778.0,-0.48,0.0,0.0,38.2,81.0,27.202,32.387
28.26,65.06,6.681,5.277,-0.002,1437.0,0.2,0.0,-0.3,11.6,-81.36,29.614,32.374
28.31,64.74,8.277,5.419,0.133,673.0,-0.15,0.0,0.0,50.8,-81.36,28.977,32.444
28.29,64.77,7.523,5.716,0.122,322.0,-0.04,0.0,-0.3,18.4,98.0,33.419,32.589
28.3,64.79,8.236,5.597,-0.036,1629.0,-0.43,0.0,0.4,30.0,81.0,25.625,32.313
28.35,64.89,7.613,5.491,-0.049,374.0,0.45,0.0,0.1,34.0,98.0,38.793,32.621
28.27,64.69,7.217,5.158,0.088,2267.0,0.19,0.0,-0.1,60.0,-81.36,24.79,32.48
28.17,64.87,7.485,5.212,0.031,948.0,0.17,0.0,0.1,28.8,81.0,24.053,32.311
28.27,64.58,7.064,5.352,0.096,908.0,-0.44,0.0,-0.1,61.6,81.0,21.038,32.371
28.14,64.84,7.47,5.494,0.021,921.0,-0.44,0.0,-0.1,23.6,98.0,26.532,32.303
28.21,65.06,6.948,5.259,0.038,551.0,-0.3,0.0,-0.1,68.0,81.0,29.346,32.426
28.27,64.81,7.571,5.684,0.044,544.0,-0.35,0.0,0.4,58.2,81.0,33.215,32.441
28.21,65.04,7.939,5.524,0.021,496.0,-0.35,0.0,0.1,34.8,81.0,30.954,32.255
28.21,64.94,6.189,5.424,0.114,741.0,0.2,0.0,0.4,33.0,81.0,37.788,32.489
28.28,64.88,6.66,5.613,-0.023,764.0,-0.19,0.0,-0.2,62.6,-81.36,25.761,32.307
28.27,64.77,6.37,5.365,0.041,1223.0,-0.19,0.0,0.0,51.0,98.0,29.614,32.534
28.23,64.94,8.202,5.845,0.015,2515.0,-0.43,0.0,-0.3,36.6,81.0,24.262,32.474
28.18,64.95,8.854,4.967,0.024,482.0,-0.36,0.0,0.2,10.0,-81.36,25.996,32.259
28.32,65.18,8.171,5.403,0.015,303.0,-0.3,0.0,-0.2,10.0,81.0,34.706,32.371
28.24,64.65,6.002,5.153,0.051,2941.0,-0.35,0.0,-0.1,25.8,98.0,24.455,32.438
28.31,64.8,7.796,5.396,0.048,640.0,0.41,0.0,-0.1,12.0,-81.36,26.465,32.514
28.58,65.15,5.966,5.24,0.09,468.0,-0.15,0.0,0.1,68.8,81.0,27.001,32.605
28.24,64.48,7.051,5.252,-0.041,2473.0,-0.44,0.0,-0.2,40.8,98.0,24.991,32.381
28.39,64.66,6.192,5.691,0.076,1054.0,0.13,0.0,0.1,26.6,81.0,35.376,32.411
28.24,64.71,7.536,5.197,0.048,2815.0,0.13,0.0,0.0,32.6,81.0,24.465,32.442
28.29,64.82,6.987,4.902,0.143,429.0,-0.43,0.0,-0.1,10.0,98.0,26.13,32.409
28.29,64.87,6.368,5.618,-0.032,1141.0,-0.4,0.0,0.3,37.4,98.0,25.557,32.524
28.42,64.72,8.589,5.339,-0.001,663.0,-0.19,0.0,-0.1,38.8,98.0,29.046,32.62
28.24,64.93,7.858,5.226,0.082,1911.0,0.41,0.0,-0.1,18.8,98.0,31.851,32.391
28.34,64.79,6.034,5.526,0.031,1635.0,-0.48,0.0,-0.1,59.6,81.0,35.175,32.393
28.16,64.98,8.271,5.18,0.078,2564.0,0.13,0.0,-0.1,43.6,81.0,29.882,32.159
28.13,64.76,7.99,5.328,0.076,1288.0,0.49,0.0,0.1,15.4,81.0,26.398,32.196
28.32,64.79,5.994,5.703,0.049,1145.0,0.16,0.0,-0.2,47.6,98.0,33.283,32.301
28.18,64.84,7.405,5.216,0.05,439.0,-0.4,0.0,-0.1,15.4,81.0,24.735,32.302
28.23,64.77,7.613,5.704,0.055,478.0,0.13,0.0,-0.1,10.0,98.0,33.419,32.492
28.3,64.92,7.679,5.507,0.124,2737.0,0.17,0.0,-0.1,59.4,81.0,25.489,32.281
28.25,64.87,7.512,5.314,0.014,1065.0,0.16,0.0,0.1,64.6,98.0,20.502,32.466
28.28,64.63,5.981,5.386,0.088,942.0,0.45,0.0,-0.2,44.8,98.0,35.376,32.441
28.17,64.79,7.502,5.715,0.073,348.0,-0.35,0.0,-0.2,14.8,81.0,33.215,32.303
28.3,64.95,7.828,5.377,0.072,254.0,0.2,0.0,0.0,33.0,98.0,38.793,32.425
28.22,64.92,6.264,5.818,0.02,945.0,-0.35,0.0,0.0,60.2,98.0,23.187,32.25
28.36,65.13,7.973,5.488,0.065,548.0,-0.39,0.0,-0.1,67.2,-81.36,34.907,32.449
28.29,64.92,6.009,4.894,0.062,782.0,0.2,0.0,0.0,10.0,-81.36,26.197,32.443
28.16,64.93,7.842,5.31,0.095,2661.0,0.17,0.0,0.3,33.8,81.0,26.465,32.278
28.27,64.69,6.342,5.396,0.077,509.0,-0.36,0.0,0.1,10.0,-81.36,39.396,32.367
28.18,64.71,6.749,5.337,0.101,1170.0,-0.35,0.0,-0.3,10.0,-81.36,28.743,32.387
28.14,64.97,7.918,5.583,0.045,2112.0,0.0,0.0,0.0,10.0,-81.36,26.465,32.442
28.24,64.72,5.594,5.396,0.04,1228.0,0.0,0.0,-0.2,31.2,98.0,28.743,32.417
28.15,65.01,7.987,5.644,0.082,293.0,-0.11,0.0,-0.1,62.4,98.0,26.465,32.28
28.22,64.77,7.659,5.741,0.054,553.0,-0.3,0.0,-0.3,18.2,98.0,33.215,32.509
28.26,64.51,6.874,5.069,0.104,2019.0,-0.4,0.0,-0.2,15.8,81.0,25.125,32.304
28.3,64.86,5.91,5.162,0.132,2213.0,0.41,0.0,-0.1,13.4,98.0,26.264,32.418
28.2,65.1,7.371,5.453,0.005,1211.0,-0.04,0.0,0.1,64.4,98.0,38.056,32.47
28.23,64.71,6.218,5.705,0.093,1074.0,-0.04,0.0,-0.3,19.6,98.0,33.487,32.499
28.23,64.98,7.851,5.38,0.09,1672.0,-0.43,0.0,0.0,26.6,-81.36,38.793,32.318
28.24,64.58,6.466,5.353,0.051,1124.0,-0.35,0.0,0.0,55.8,81.0,29.882,32.295
28.38,64.85,6.861,5.568,0.039,600.0,0.41,0.0,-0.1,13.2,98.0,25.829,32.49
28.32,64.66,8.365,5.381,0.053,823.0,-0.44,0.0,-0.1,23.8,81.0,29.182,32.402
28.28,64.7,6.066,5.415,0.069,1020.0,-0.35,0.0,-0.3,65.4,98.0,28.542,32.47
28.18,65.01,6.76,5.531,-0.018,556.0,-0.43,0.0,-0.1,27.8,81.0,27.671,32.218
28.31,64.68,6.427,5.433,0.072,991.0,-0.48,0.0,-0.2,12.2,-22.36,39.53,32.406
28.29,64.8,6.049,5.157,0.067,556.0,0.45,0.0,0.2,10.0,-81.36,26.264,32.384
28.2,64.83,7.633,5.27,0.065,1104.0,-0.11,0.0,0.4,49.8,98.0,29.547,32.491
28.3,65.07,6.437,5.345,0.055,792.0,-0.35,0.0,-0.2,28.6,81.0,23.919,32.312
28.2,64.84,8.064,5.382,0.065,2289.0,-0.48,0.0,0.2,51.2,81.0,26.398,32.332
28.26,64.65,7.793,5.178,0.009,2484.0,-0.52,0.0,0.1,66.2,81.0,24.857,32.393
28.23,64.7,7.844,5.53,0.065,808.0,-0.11,0.0,-0.1,62.6,98.0,26.398,32.364
28.22,64.88,7.933,5.421,0.084,569.0,-0.11,0.0,-0.1,10.0,81.0,38.927,32.212
28.19,65.15,6.492,5.31,0.015,1385.0,-0.4,0.0,0.0,70.2,98.0,29.48,32.338
28.23,64.86,7.926,5.455,0.041,599.0,-0.48,0.0,0.4,59.6,-81.36,26.532,32.428
28.23,64.45,6.578,5.135,0.105,2387.0,-0.15,0.0,-0.1,32.8,98.0,25.125,32.406
28.24,64.88,7.976,5.834,0.022,1110.0,0.15,0.0,0.1,37.2,81.0,23.187,32.267
28.35,64.88,6.904,5.894,0.068,955.0,-0.19,0.0,-0.2,28.6,98.0,23.119,32.417
28.21,64.75,5.483,5.222,-0.019,757.0,-0.19,0.0,0.1,66.6,81.0,29.114,32.29
28.19,64.82,7.783,5.436,-0.062,897.0,-0.44,0.0,-0.1,20.2,81.0,26.532,32.326
28.24,65.1,6.357,5.308,0.019,522.0,-0.4,0.0,0.3,29.4,98.0,30.887,32.443
28.33,64.74,7.812,5.347,0.087,939.0,0.15,0.0,-0.1,10.0,-81.36,38.86,32.431
28.21,64.75,6.941,5.46,0.039,711.0,-0.07,0.0,-0.1,63.4,98.0,31.155,32.439
28.22,64.89,7.727,5.582,0.007,1127.0,-0.48,0.0,0.0,10.0,98.0,26.465,32.512
28.3,64.79,6.593,5.553,0.103,1473.0,-0.36,0.0,-0.1,66.2,98.0,25.625,32.579
28.18,64.55,8.299,5.522,0.024,1387.0,-0.48,0.0,0.5,48.6,-81.36,39.664,32.363
28.24,64.88,6.7,5.908,0.102,1056.0,0.15,0.0,0.1,37.6,81.0,23.187,32.338
28.31,64.77,6.891,5.412,0.025,746.0,-0.44,0.0,0.3,57.2,81.0,31.155,32.469
28.28,64.57,7.912,5.527,0.064,1022.0,0.22,0.0,0.1,30.0,98.0,39.731,32.411
28.31,64.67,5.511,5.336,0.086,1015.0,0.45,0.0,0.1,41.8,98.0,28.977,32.512
28.28,64.53,6.956,5.466,0.117,1261.0,-0.15,0.0,-0.1,50.6,81.0,39.731,32.391
28.21,64.95,7.237,5.164,0.025,753.0,-0.3,0.0,-0.1,59.8,81.0,24.12,32.334
28.27,64.93,6.528,5.367,0.058,1278.0,-0.11,0.0,-0.2,10.0,81.0,29.815,32.414
28.32,64.85,6.192,5.313,0.037,912.0,0.0,0.0,0.0,68.6,81.0,273.24,32.43
28.24,65.06,6.736,5.52,0.123,500.0,-0.11,0.0,0.0,30.8,81.0,27.47,32.459
28.29,64.88,6.513,5.342,0.069,1094.0,0.49,0.0,0.3,57.6,81.0,273.24,32.308
28.22,65.04,7.673,5.501,0.054,791.0,-0.3,0.0,-0.2,47.2,81.0,30.887,32.388
28.2,64.72,7.715,5.541,0.04,2528.0,0.45,0.0,0.1,10.0,98.0,26.666,32.568
28.28,64.49,6.666,5.404,0.097,990.0,-0.35,0.0,0.0,39.2,-81.36,29.078,32.356
28.3,64.68,7.791,5.466,0.105,865.0,-0.11,0.0,-0.2,34.4,-22.36,38.994,32.464
28.3,64.56,8.388,5.462,0.077,966.0,-0.015,0.0,0.2,41.6,81.0,39.597,32.428
28.27,64.83,8.453,5.502,0.022,2728.0,0.41,0.0,0.3,55.2,81.0,25.489,32.251
28.24,64.82,6.115,5.436,0.147,1432.0,0.13,0.0,0.1,43.0,81.0,28.542,32.309
28.24,65.11,7.92,5.462,0.06,607.0,-0.11,0.0,-0.1,45.0,81.0,34.974,32.166
28.3,64.95,8.209,5.501,0.06,1201.0,-0.35,0.0,-0.2,27.8,98.0,37.895,32.505
28.21,64.87,7.146,5.44,-0.001,1217.0,0.17,0.0,0.1,29.8,81.0,37.922,32.213
28.21,65.07,8.032,5.387,0.047,1296.0,-0.04,0.0,-0.1,64.2,98.0,24.33,32.435
28.27,64.87,6.407,5.387,0.062,541.0,0.0,0.0,0.0,10.0,81.0,273.24,32.401
28.29,64.65,7.239,5.349,0.039,962.0,-0.35,0.0,0.2,43.8,81.0,275.31,32.264
28.31,64.88,7.972,5.419,0.024,314.0,0.13,0.0,0.4,66.4,81.0,38.86,32.43
28.18,64.49,7.022,5.438,0.053,1714.0,-0.48,0.0,0.4,55.0,81.0,39.798,32.352
28.16,64.85,7.354,5.21,0.005,662.0,-0.4,0.0,-0.1,15.4,81.0,24.6,32.276
28.2,64.78,7.7,5.482,0.085,713.0,-0.48,0.0,0.0,56.6,98.0,26.398,32.355
28.24,64.67,6.19,5.496,0.019,2377.0,-0.4,0.0,-0.2,54.8,81.0,35.309,32.267
28.12,65.08,6.116,5.361,0.073,1779.0,-0.4,0.0,-0.1,15.0,81.0,29.547,32.214
28.31,64.77,6.103,5.503,0.068,1665.0,-0.48,0.0,-0.2,16.4,-81.36,35.242,32.428
28.28,64.83,5.925,5.033,0.06,464.0,-0.3,0.0,0.0,14.8,-81.36,26.398,32.341
28.19,64.8,6.776,5.287,0.04,1804.0,-0.35,0.0,-0.1,67.2,98.0,24.465,32.536
28.21,65.08,7.069,5.383,0.013,865.0,0.16,0.0,-0.2,36.6,81.0,37.989,32.397
28.28,64.61,5.138,5.321,0.094,1227.0,-0.43,0.0,0.3,44.6,81.0,29.182,32.395
28.28,64.74,6.939,5.324,0.044,1210.0,-0.48,0.0,0.4,64.4,98.0,29.046,32.455
28.28,64.78,6.825,5.194,0.137,2507.0,-0.15,0.0,0.1,47.0,81.0,31.579,32.354
28.27,64.6,6.92,5.333,0.035,1018.0,-0.44,0.0,-0.1,52.6,98.0,20.971,32.504
28.29,64.9,7.772,5.525,0.05,389.0,0.45,0.0,0.1,31.0,98.0,38.927,32.586
28.36,64.78,6.079,5.668,0.076,1479.0,-0.43,0.0,-0.1,37.4,81.0,35.108,32.52
28.22,65.05,8.081,5.377,0.101,612.0,0.41,0.0,-0.1,66.0,81.0,24.262,32.299
28.3,64.55,6.64,5.391,0.017,1357.0,-0.19,0.0,-0.1,11.8,81.0,28.944,32.481
28.21,65.12,6.623,5.26,-0.007,1336.0,-0.4,0.0,-0.1,32.2,-81.36,29.48,32.441
28.24,64.92,8.498,5.657,0.125,1594.0,-0.15,0.0,0.0,57.8,81.0,38.031,32.28
28.26,64.83,6.939,5.417,-0.047,1270.0,0.17,0.0,0.2,50.4,-81.36,25.557,32.417
28.34,64.64,6.116,5.086,0.083,3015.0,-0.35,0.0,-0.2,10.0,81.0,24.656,32.346
28.33,64.75,7.844,5.397,0.002,1143.0,-0.15,0.0,0.0,30.0,81.0,38.927,32.477
28.23,64.87,7.795,5.164,0.041,2191.0,-0.4,0.0,-0.1,66.0,98.0,32.054,32.427
28.31,64.88,7.943,5.47,0.026,314.0,-0.3,0.0,0.1,10.0,81.0,38.994,32.394
28.34,64.92,6.228,5.555,0.014,413.0,-0.19,0.0,-0.1,30.8,-81.36,25.693,32.508
28.32,64.81,6.982,5.057,0.009,704.0,-0.39,0.0,-0.1,30.0,81.0,26.264,32.413
28.17,64.84,6.597,5.464,0.037,181.0,-0.19,0.0,-0.3,64.8,98.0,24.187,32.427
28.31,64.96,6.987,5.457,0.096,778.0,-0.3,0.0,0.5,45.0,81.0,30.619,32.384
28.29,65.02,6.039,5.682,0.058,1384.0,-0.35,0.0,0.0,10.0,81.0,23.05,32.444
28.14,65.06,6.88,5.485,0.042,1427.0,-0.4,0.0,0.1,55.4,81.0,37.52,32.348
28.23,64.97,6.573,5.472,0.041,1227.0,-0.04,0.0,0.0,10.0,81.0,30.954,32.354
28.21,64.53,7.122,5.264,0.053,1285.0,0.15,0.0,0.3,40.2,98.0,21.038,32.33
28.22,64.52,6.169,4.989,0.004,2130.0,-0.4,0.0,0.1,10.0,-81.36,24.924,32.371
28.29,64.81,6.832,5.512,0.03,760.0,-0.48,0.0,-0.1,67.8,98.0,30.887,32.486
28.29,64.83,5.848,5.044,0.145,738.0,0.45,0.0,-0.1,56.4,81.0,26.197,32.348
28.29,65.03,6.4,5.231,0.021,2041.0,-0.35,0.0,0.3,66.8,-81.36,29.614,32.448
28.3,64.84,6.172,5.833,0.043,940.0,0.16,0.0,-0.1,40.8,98.0,23.256,32.379
28.24,64.56,8.354,5.451,-0.058,754.0,0.45,0.0,0.1,60.2,81.0,39.664,32.295
28.26,64.58,8.255,5.468,0.058,1168.0,0.17,0.0,0.1,12.6,81.0,39.597,32.489
28.24,65.13,6.101,5.315,0.082,2476.0,-0.04,0.0,0.0,62.6,81.0,27.336,32.32
28.27,65.07,5.863,5.33,0.098,917.0,0.13,0.0,-0.1,62.8,81.0,27.269,32.298
28.24,64.57,6.964,5.34,-0.026,995.0,-0.48,0.0,-0.1,32.0,81.0,21.038,32.374
28.18,65.05,7.286,5.568,0.075,1648.0,-0.11,0.0,-0.1,18.8,-81.36,37.788,32.322
28.31,64.76,8.027,5.464,0.059,657.0,-0.44,0.0,-0.2,34.8,81.0,38.927,32.265
28.22,64.47,6.883,5.168,0.057,2207.0,-0.19,0.0,0.0,25.4,81.0,25.058,32.303
28.23,64.99,7.939,5.38,0.063,1961.0,-0.36,0.0,0.4,59.0,81.0,26.398,32.478
28.19,65.04,5.89,5.269,0.09,1128.0,0.47,0.0,0.0,10.0,81.0,27.336,32.192
28.18,65.06,8.033,5.443,0.02,705.0,0.19,0.0,0.1,10.0,98.0,38.592,32.217
28.14,64.92,6.992,5.512,0.095,1835.0,0.45,0.0,0.1,42.4,81.0,37.788,32.292
28.2,65.08,6.816,5.287,0.078,964.0,0.45,0.0,-0.2,48.0,81.0,29.346,32.282
28.16,64.42,6.873,5.176,0.091,2432.0,0.13,0.0,0.1,50.4,81.0,25.192,32.155
28.24,65.1,7.152,5.62,0.037,1517.0,-0.44,0.0,-0.3,10.0,-81.36,27.537,32.466
28.11,64.61,7.109,5.502,0.048,1918.0,-0.4,0.0,0.4,42.0,81.0,37.855,32.245
28.28,65.11,6.603,5.212,-0.002,1699.0,0.2,0.0,0.4,32.6,98.0,29.681,32.393
28.24,64.55,6.823,5.179,0.002,2175.0,-0.4,0.0,0.0,14.4,81.0,25.058,32.26
28.15,65.02,8.052,5.673,-0.024,3668.0,0.2,0.0,0.0,66.6,81.0,24.33,32.298
28.29,64.56,6.703,5.4,0.067,1228.0,-0.39,0.0,-0.2,68.2,98.0,28.944,32.377
28.34,64.87,6.159,5.554,0.099,878.0,-0.19,0.0,0.1,53.0,-81.36,25.761,32.485
28.28,64.91,8.331,5.625,0.101,1498.0,-0.35,0.0,-0.1,10.0,81.0,37.963,32.427
28.18,65.01,6.911,5.372,0.052,1053.0,-0.19,0.0,0.1,50.6,81.0,38.056,32.317
28.13,64.91,8.049,5.532,0.019,1745.0,0.17,0.0,-0.1,10.0,81.0,26.532,32.206
28.26,64.75,6.596,5.294,0.058,1158.0,-0.43,0.0,-0.1,10.0,81.0,275.31,32.395
28.29,65.01,7.555,5.456,0.042,783.0,-0.35,0.0,0.4,31.6,98.0,31.088,32.432
28.23,64.67,6.106,5.484,-0.039,968.0,-0.02,0.0,-0.3,68.2,98.0,39.463,32.432
28.25,64.95,7.376,5.558,0.05,1159.0,0.16,0.0,-0.2,55.8,98.0,35.108,32.39
28.32,64.87,6.436,5.319,-0.002,927.0,-0.39,0.0,-0.25,48.8,98.0,273.93,32.533
28.26,64.74,6.041,5.607,0.07,2085.0,0.13,0.0,0.4,55.2,-81.36,35.309,32.389
28.22,64.83,7.803,5.235,0.048,1754.0,-0.35,0.0,-0.1,10.0,98.0,31.919,32.322
28.3,64.68,5.939,5.52,-0.017,1129.0,-0.03,0.0,0.3,31.0,-81.36,35.376,32.461
28.27,64.88,7.004,5.314,0.089,612.0,-0.44,0.0,-0.2,64.8,98.0,272.55,32.428
28.27,64.88,6.249,5.273,0.032,965.0,-0.43,0.0,0.1,66.8,81.0,271.86,32.322
28.23,64.77,7.394,5.231,0.026,1560.0,-0.4,0.0,0.1,64.6,98.0,31.851,32.316
28.26,65.03,8.235,5.851,-0.018,2558.0,-0.3,0.0,-0.2,25.8,98.0,24.194,32.507
28.21,65.1,6.552,5.313,0.045,1192.0,-0.35,0.0,0.0,39.6,98.0,29.48,32.329
28.25,65.06,7.597,5.529,0.091,481.0,-0.19,0.0,0.4,48.2,81.0,34.84,32.307
28.31,64.78,6.455,5.235,-0.001,2977.0,-0.03,0.0,0.2,59.2,81.0,31.104,32.402
28.27,64.57,6.595,5.396,0.116,1444.0,0.2,0.0,0.1,30.4,81.0,28.944,32.381
28.23,65.0,8.162,5.485,0.137,532.0,0.41,0.0,-0.2,16.8,81.0,30.954,32.247
28.16,65.09,7.902,5.214,0.034,2010.0,0.19,0.0,0.1,30.8,81.0,29.614,32.265
28.24,64.58,7.253,5.384,0.065,778.0,-0.44,0.0,-0.1,15.8,81.0,20.904,32.286
28.14,64.84,7.215,5.475,0.039,914.0,0.19,0.0,-0.2,44.8,81.0,24.12,32.184
28.19,64.95,7.756,5.476,-0.03,415.0,0.15,0.0,0.1,54.6,98.0,26.532,32.35
28.23,64.97,7.789,5.226,0.049,1142.0,-0.19,0.0,-0.3,32.6,98.0,29.614,32.41
28.18,64.89,8.055,5.538,0.039,1856.0,-0.4,0.0,-0.1,44.2,81.0,26.599,32.25
28.22,64.85,7.342,5.308,0.117,1561.0,-0.36,0.0,0.1,25.4,98.0,29.614,32.4
28.36,64.97,7.495,5.385,0.066,1771.0,-0.4,0.0,0.1,10.0,81.0,38.793,32.428
28.24,64.99,6.511,5.223,0.077,1075.0,-0.48,0.0,-0.1,33.6,81.0,24.053,32.365
28.32,64.69,7.08,5.394,-0.027,971.0,0.16,0.0,-0.1,45.8,-81.36,274.62,32.43
28.28,64.69,6.101,5.385,0.042,2025.0,-0.48,0.0,-0.2,17.2,98.0,39.463,32.501
28.29,64.69,7.255,5.685,0.04,724.0,-0.44,0.0,-0.2,42.2,81.0,275.31,32.428
28.16,64.54,7.161,5.256,0.089,983.0,-0.35,0.0,-0.1,32.4,98.0,21.105,32.339
28.25,64.68,6.221,5.374,0.053,1466.0,0.19,0.0,0.3,14.2,81.0,39.463,32.489
28.29,64.96,7.191,5.243,0.077,2319.0,-0.15,0.0,0.1,65.8,-81.36,29.815,32.349
28.26,64.71,8.585,5.303,0.068,432.0,-0.04,0.0,0.2,51.8,81.0,29.114,32.434
28.27,64.86,7.731,5.16,0.048,2278.0,-0.11,0.0,0.2,64.8,81.0,31.987,32.323
28.16,64.98,6.302,5.494,0.038,1419.0,0.13,0.0,-0.1,10.0,81.0,31.088,32.324
28.32,64.91,5.754,5.874,0.074,1182.0,-0.04,0.0,-0.2,21.0,98.0,22.982,32.459
28.19,64.95,8.022,5.444,0.043,1843.0,-0.4,0.0,-0.1,23.0,98.0,26.599,32.452
28.18,65.09,7.26,5.49,0.017,1201.0,-0.04,0.0,-0.1,41.0,-81.36,37.855,32.452
28.26,65.09,6.667,5.153,0.036,1645.0,0.2,0.0,-0.2,65.8,81.0,29.681,32.312
28.34,64.85,6.581,5.313,0.085,936.0,0.2,0.0,0.3,37.6,-81.36,273.93,32.514
28.28,64.87,5.992,5.029,0.017,548.0,-0.39,0.0,-0.1,10.0,98.0,26.331,32.464
28.27,64.69,6.016,5.51,0.048,1430.0,-0.43,0.0,0.2,33.2,81.0,35.376,32.226
28.29,64.9,8.273,5.501,-0.016,2854.0,0.2,0.0,-0.2,30.0,81.0,25.286,32.456
28.25,64.59,6.349,5.177,0.024,2243.0,0.19,0.0,0.0,25.6,98.0,24.79,32.463
28.15,64.81,7.273,5.121,0.066,2727.0,0.2,0.0,-0.1,69.4,98.0,24.667,32.28
28.22,64.87,6.683,5.456,0.017,685.0,0.16,0.0,-0.1,46.4,81.0,28.006,32.263
28.24,64.64,7.292,5.239,0.006,1154.0,-0.35,0.0,-0.1,29.6,81.0,276.0,32.287
28.25,64.89,6.559,5.896,0.059,1173.0,0.15,0.0,0.1,38.2,81.0,23.187,32.328
28.24,65.1,6.659,5.316,-0.065,1449.0,-0.35,0.0,0.3,26.2,81.0,29.547,32.397
28.27,64.9,8.615,5.476,0.099,2790.0,-0.3,0.0,-0.2,44.2,81.0,25.422,32.475
28.23,64.63,6.902,5.372,0.053,1227.0,-0.44,0.0,0.2,39.8,81.0,29.011,32.29
28.23,64.83,8.321,5.203,0.071,1744.0,-0.48,0.0,-0.4,15.6,98.0,31.919,32.345
28.25,64.87,8.567,5.572,0.051,2751.0,-0.11,0.0,-0.2,45.0,81.0,25.422,32.324
28.17,64.75,5.241,5.35,0.051,1698.0,-0.3,0.0,-0.2,44.0,81.0,29.114,32.144
28.21,64.56,6.512,5.239,0.064,1066.0,-0.4,0.0,0.0,42.4,-81.36,29.815,32.353
28.31,64.7,7.346,5.536,0.09,1030.0,0.0,0.0,-0.2,25.0,98.0,277.38,32.42
28.16,64.95,7.962,5.356,0.122,442.0,-0.35,0.0,-0.1,60.6,81.0,26.532,32.349
28.27,65.03,5.956,5.571,-0.018,1059.0,-0.35,0.0,0.0,53.8,98.0,23.119,32.514
28.16,64.94,7.339,5.214,0.152,744.0,0.2,0.0,-0.1,51.4,98.0,20.636,32.279
28.19,64.89,7.763,5.331,0.055,989.0,0.16,0.0,0.0,63.2,98.0,24.12,32.462
28.3,64.66,6.944,5.304,0.033,1075.0,-0.48,0.0,-0.1,10.8,81.0,29.114,32.379
28.28,64.88,5.993,5.069,0.03,1868.0,-0.4,0.0,-0.2,57.6,98.0,26.197,32.45
28.12,64.95,7.72,5.423,0.14,1005.0,-0.44,0.0,-0.1,49.2,81.0,26.398,32.303
28.19,64.5,6.887,5.467,0.11,1771.0,-0.43,0.0,-0.1,58.2,81.0,39.731,32.368
28.24,64.6,6.687,5.445,0.145,1652.0,-0.4,0.0,-0.1,47.0,81.0,39.664,32.356
28.31,64.88,7.449,5.721,0.143,506.0,-0.44,0.0,-0.3,36.4,98.0,33.147,32.47
28.24,64.87,7.576,5.764,0.097,360.0,-0.4,0.0,-0.2,10.0,81.0,33.147,32.311
28.24,64.75,5.992,5.488,0.064,3050.0,0.19,0.0,0.1,10.0,81.0,35.175,32.261
28.3,64.81,7.21,5.375,0.135,1948.0,-0.43,0.0,-0.1,49.4,81.0,30.083,32.417
28.23,64.93,7.655,5.258,0.062,1890.0,-0.48,0.0,0.4,60.4,98.0,29.614,32.327
28.25,64.78,7.122,5.371,0.06,1705.0,-0.11,0.0,-0.2,67.6,81.0,30.217,32.348
28.29,64.99,5.832,5.03,-0.009,1717.0,-0.35,0.0,0.1,10.4,81.0,26.063,32.309
28.24,64.59,8.138,5.379,0.074,667.0,-0.19,0.0,-0.2,10.0,81.0,29.25,32.344
28.28,64.88,6.13,5.609,0.016,896.0,-0.48,0.0,-0.1,37.4,98.0,25.693,32.501
28.2,64.88,8.488,5.735,0.11,2604.0,-0.07,0.0,-0.3,50.6,98.0,38.099,32.466
28.22,64.67,7.118,5.289,0.063,2018.0,0.13,0.0,-0.1,46.2,81.0,30.351,32.227
28.2,64.78,8.429,5.239,0.089,2773.0,-0.35,0.0,0.4,11.8,-81.36,31.715,32.32
28.22,65.12,7.628,5.511,0.136,710.0,-0.15,0.0,-0.1,37.8,98.0,34.84,32.339
28.31,64.93,7.464,5.568,0.041,926.0,-0.43,0.0,-0.2,38.8,98.0,37.895,32.435
28.2,64.67,7.406,5.604,0.131,869.0,0.41,0.0,-0.1,14.0,98.0,277.38,32.291
28.29,64.94,6.011,5.685,0.025,1272.0,-0.48,0.0,-0.2,61.4,98.0,23.187,32.429
28.2,65.0,7.568,5.254,-0.007,1004.0,-0.35,0.0,-0.2,42.0,81.0,29.346,32.301
28.25,64.57,7.066,5.204,0.079,1547.0,-0.11,0.0,0.4,52.2,81.0,21.038,32.319
28.3,64.67,6.199,5.442,0.1,557.0,0.0,0.0,-0.1,10.0,81.0,39.463,32.463
28.24,64.69,7.29,5.787,0.099,768.0,-0.4,0.0,-0.1,46.4,98.0,23.461,32.3
28.26,65.2,6.367,5.493,0.075,280.0,-0.35,0.0,0.1,63.0,81.0,30.82,32.317
28.27,64.83,7.201,5.053,0.004,2407.0,0.41,0.0,0.0,45.4,81.0,25.795,32.443
28.24,65.08,5.706,5.326,0.076,635.0,-0.35,0.0,-0.1,30.2,81.0,27.336,32.373
28.16,64.86,7.532,5.649,0.048,702.0,0.41,0.0,-0.2,52.6,81.0,33.283,32.305
28.3,64.76,6.293,5.716,0.067,1113.0,-0.4,0.0,0.1,46.8,98.0,33.419,32.401
28.21,64.99,7.653,5.526,0.034,1844.0,-0.3,0.0,0.5,31.8,81.0,26.331,32.353
28.25,65.14,6.746,5.598,0.048,1099.0,-0.11,0.0,-0.2,15.8,-81.36,27.403,32.282
28.19,64.97,8.236,5.515,0.054,2900.0,0.0,0.0,0.3,38.2,98.0,37.895,32.382
28.31,64.81,6.961,5.016,0.08,685.0,-0.35,0.0,0.0,50.0,98.0,26.063,32.493
28.21,64.98,6.606,5.362,0.025,2222.0,0.15,0.0,-0.1,62.4,81.0,23.986,32.348
28.25,64.53,7.101,5.464,-0.049,1224.0,0.49,0.0,0.1,71.2,81.0,39.731,32.326
28.32,64.79,8.166,5.361,0.116,851.0,-0.3,0.0,-0.2,46.8,81.0,28.977,32.287
28.09,64.75,7.395,5.539,0.022,2636.0,0.45,0.0,0.3,30.0,81.0,26.599,32.3
28.26,64.7,8.107,5.358,0.071,1344.0,-0.35,0.0,0.0,29.6,81.0,29.547,32.25
28.29,64.88,7.344,5.476,0.117,1048.0,-0.35,0.0,-0.2,60.6,81.0,24.12,32.403
28.3,64.49,6.922,5.351,0.028,1954.0,-0.35,0.0,-0.3,26.8,98.0,24.857,32.372
28.25,64.76,7.176,5.462,0.066,1009.0,-0.04,0.0,-0.1,66.0,81.0,276.0,32.265
28.2,64.89,7.751,5.202,0.064,2098.0,0.19,0.0,-0.3,24.0,98.0,31.919,32.438
28.23,64.86,6.458,5.56,0.029,1165.0,-0.39,0.0,-0.1,35.6,81.0,25.557,32.249
28.3,64.59,6.386,5.067,0.037,2907.0,-0.48,0.0,0.0,57.6,98.0,24.723,32.481
28.28,64.56,6.88,5.485,-0.008,1932.0,0.41,0.0,-0.2,10.0,81.0,29.011,32.286
28.23,65.0,7.96,5.405,0.062,248.0,-0.48,0.0,0.0,10.0,-81.36,38.793,32.342
28.14,64.56,6.239,5.08,0.081,2441.0,0.0,0.0,0.4,50.4,81.0,24.79,32.242
28.27,64.52,8.435,5.409,0.131,690.0,-0.4,0.0,0.4,10.0,81.0,39.731,32.332
28.29,65.15,7.975,5.228,0.093,1221.0,0.15,0.0,0.0,63.8,-81.36,29.547,32.586
28.09,64.8,7.987,5.437,-0.002,1269.0,-0.4,0.0,0.4,10.6,98.0,26.599,32.344
28.15,64.93,8.154,5.507,0.145,912.0,0.15,0.0,-0.1,42.4,98.0,26.532,32.346
28.25,64.84,7.489,4.997,0.055,555.0,-0.4,0.0,-0.3,46.4,81.0,25.929,32.351
28.24,64.72,6.47,5.733,0.051,968.0,-0.04,0.0,-0.3,54.2,98.0,33.419,32.451
28.11,64.86,7.84,5.394,0.001,2209.0,0.17,0.0,-0.1,10.0,81.0,26.532,32.18
28.23,64.69,6.569,5.049,0.008,759.0,-0.35,0.0,0.0,27.6,98.0,29.681,32.448
28.18,64.7,6.296,5.478,0.088,968.0,-0.35,0.0,-0.1,57.4,-81.36,39.463,32.272
28.24,64.96,8.901,5.117,0.029,705.0,-0.48,0.0,0.0,34.8,81.0,27.336,32.453
28.29,64.84,7.497,5.026,0.118,547.0,-0.4,0.0,0.0,10.0,81.0,25.996,32.36
28.27,64.87,6.21,5.494,0.08,891.0,-0.15,0.0,0.1,64.8,-81.36,30.954,32.358
28.23,64.53,8.22,5.483,0.071,1908.0,0.19,0.0,-0.1,58.0,98.0,39.731,32.405
28.27,64.67,5.649,5.074,-0.031,2811.0,-0.35,0.0,0.4,10.0,81.0,24.388,32.362
28.3,64.81,6.797,5.347,0.069,770.0,-0.35,0.0,0.1,56.2,-81.36,273.24,32.462
28.13,64.9,6.989,5.472,0.067,1027.0,-0.03,0.0,0.1,38.4,81.0,37.855,32.319
28.15,64.89,7.99,5.932,0.093,3343.0,-0.44,0.0,0.0,65.8,81.0,24.33,32.192
28.23,65.01,7.845,5.479,0.07,1747.0,-0.36,0.0,-0.2,58.4,81.0,26.331,32.334
28.28,64.72,5.87,5.649,0.046,1573.0,-0.43,0.0,0.1,56.2,81.0,35.175,32.349
28.24,64.81,5.979,5.079,0.057,619.0,-0.48,0.0,0.1,16.2,98.0,273.93,32.549
28.24,64.7,6.785,5.637,0.085,997.0,-0.35,0.0,-0.2,52.8,81.0,33.283,32.357
28.25,65.01,7.015,5.287,0.093,1142.0,-0.4,0.0,0.4,50.4,81.0,29.346,32.354
28.18,64.69,7.979,5.159,0.02,2964.0,-0.4,0.0,-0.1,25.4,81.0,24.667,32.299
28.23,64.77,7.178,5.233,0.149,2896.0,-0.44,0.0,-0.1,53.6,98.0,274.62,32.391
28.16,64.95,7.714,5.577,0.019,2159.0,0.17,0.0,-0.2,16.0,98.0,26.331,32.4
28.3,65.1,6.653,5.328,0.093,1647.0,0.15,0.0,0.3,14.6,81.0,23.852,32.354
28.16,64.98,8.008,5.846,0.109,3968.0,-0.15,0.0,-0.2,33.8,81.0,24.33,32.376
28.24,65.19,6.874,5.26,0.086,1039.0,-0.35,0.0,-0.1,16.2,81.0,29.48,32.337
28.15,64.67,6.705,5.291,0.043,2242.0,-0.15,0.0,0.4,57.8,81.0,30.217,32.235
28.29,64.92,5.971,5.258,0.05,992.0,-0.35,0.0,-0.3,23.2,-81.36,30.552,32.506
28.2,65.11,6.58,5.35,0.01,1190.0,-0.35,0.0,-0.3,62.4,81.0,29.681,32.273
28.26,64.85,6.137,4.991,0.1,2073.0,0.41,0.0,-0.1,12.2,98.0,26.197,32.379
28.23,64.8,6.219,5.586,0.101,1514.0,0.0,0.0,-0.1,22.8,98.0,37.721,32.407
28.19,64.75,6.909,5.465,0.087,1030.0,0.16,0.0,0.0,53.2,-22.36,30.954,32.312
28.2,64.65,6.446,5.41,0.063,1751.0,-0.35,0.0,-0.1,52.4,81.0,39.53,32.36
28.24,64.83,7.558,5.18,0.145,706.0,0.45,0.0,-0.2,50.6,81.0,24.33,32.493
28.25,64.58,7.214,5.005,0.125,2559.0,0.19,0.0,0.1,36.6,81.0,276.69,32.338
28.23,64.71,6.01,5.736,-0.006,863.0,-0.03,0.0,0.2,23.4,81.0,33.419,32.462
28.36,64.85,6.782,5.115,0.142,2219.0,0.19,0.0,-0.1,10.0,81.0,24.589,32.438
28.29,64.94,7.529,5.22,-0.006,2459.0,-0.4,0.0,0.2,28.6,81.0,31.715,32.414
28.19,65.02,8.086,5.479,0.069,1063.0,-0.11,0.0,-0.05,64.6,81.0,24.397,32.36
28.26,65.02,8.292,5.454,0.061,2303.0,0.41,0.0,0.4,58.8,98.0,37.963,32.372
28.16,64.97,7.516,5.318,0.004,974.0,0.36,0.0,-0.2,49.4,98.0,29.547,32.298
28.2,64.83,5.868,5.408,-0.021,1255.0,0.11,0.0,0.0,36.2,98.0,28.676,32.348
28.23,65.11,5.874,5.224,0.135,880.0,0.2,0.0,0.4,13.4,81.0,27.135,32.263
28.28,64.94,8.466,5.585,0.082,1608.0,-0.48,0.0,-0.3,54.8,98.0,38.031,32.397
28.22,64.97,6.379,5.127,0.07,690.0,0.2,0.0,-0.1,10.0,-81.36,37.788,32.452
28.3,64.89,6.648,5.458,0.024,839.0,-0.43,0.0,-0.2,10.0,81.0,25.829,32.317
28.28,64.81,6.155,5.587,0.139,1528.0,-0.4,0.0,-0.2,58.0,81.0,25.693,32.369
28.2,64.77,6.554,5.236,0.02,2854.0,-0.43,0.0,-0.3,39.8,98.0,31.579,32.421
28.28,64.86,7.659,5.51,0.085,665.0,-0.48,0.0,-0.2,13.0,81.0,35.108,32.382
28.22,64.77,6.642,5.253,0.007,2884.0,-0.4,0.0,0.1,35.4,-22.36,31.104,32.406
28.28,64.65,6.898,5.616,0.107,714.0,-0.11,0.0,-0.2,54.8,98.0,277.38,32.4
28.14,65.05,6.882,5.554,0.06,1582.0,-0.48,0.0,-0.1,46.6,98.0,37.721,32.313
28.24,64.82,6.807,5.82,0.02,1539.0,0.19,0.0,-0.2,52.4,81.0,23.392,32.356
28.29,64.92,7.819,5.177,-0.009,1702.0,-0.35,0.0,0.4,64.0,-81.36,31.715,32.534
28.27,64.71,8.132,5.318,-0.012,522.0,-0.4599999999999999,0.0,-0.1,46.6,81.0,28.977,32.375
28.34,65.09,7.745,5.646,0.009,704.0,-0.15,0.0,-0.1,58.4,81.0,34.84,32.322
28.24,64.88,7.844,5.205,0.109,2085.0,-0.4,0.0,0.1,67.0,81.0,31.851,32.216
28.21,64.91,7.665,5.227,0.037,2531.0,-0.48,0.0,-0.2,44.6,81.0,31.647,32.324
28.19,64.83,6.474,5.197,0.116,2302.0,-0.43,0.0,-0.1,23.2,81.0,24.455,32.386
28.3,64.88,7.071,5.257,0.089,339.0,0.0,0.0,0.2,66.8,81.0,272.55,32.428
28.27,64.82,6.832,5.471,0.102,1083.0,-0.3,0.0,0.1,30.0,81.0,30.954,32.373
28.29,64.76,7.121,5.324,0.062,1391.0,-0.11,0.0,-0.2,10.0,-81.36,29.547,32.479
28.12,64.88,7.16,5.511,0.066,1974.0,0.45,0.0,0.3,30.0,81.0,26.666,32.348
28.27,64.93,7.708,5.2,0.033,2372.0,0.19,0.0,0.2,54.0,98.0,31.783,32.527
28.27,65.07,5.931,5.317,0.094,993.0,0.2,0.0,-0.2,62.4,81.0,27.269,32.331
28.28,64.68,7.009,5.547,0.085,670.0,-0.11,0.0,-0.2,52.2,98.0,278.07,32.492
28.2,64.55,7.063,5.271,0.115,979.0,0.41,0.0,-0.1,47.4,-81.36,21.105,32.414
28.21,65.1,7.392,5.619,0.117,997.0,-0.43,0.0,-0.1,10.0,81.0,34.84,32.283
28.25,64.82,7.195,5.244,0.132,2265.0,0.15,0.0,-0.1,44.8,81.0,31.647,32.34
28.25,64.77,7.896,5.626,0.055,427.0,-0.43,0.0,0.1,54.4,81.0,39.128,32.329
28.23,64.67,7.192,5.356,0.044,134.5,0.2,0.0,0.4,28.0,81.0,275.655,32.178
28.15,64.7,8.036,5.38,0.117,1329.0,-0.11,0.0,0.1,10.0,81.0,26.532,32.205
28.21,64.86,7.73,5.612,0.133,392.0,0.16,0.0,-0.2,21.8,98.0,33.283,32.303
28.28,64.75,6.795,5.467,-0.004,924.0,-0.4,0.0,0.1,55.4,98.0,30.887,32.524
28.18,64.75,7.778,5.239,0.038,2410.0,-0.43,0.0,0.4,10.0,81.0,31.851,32.141
28.21,64.93,7.452,5.23,0.016,1364.0,0.45,0.0,0.1,40.6,98.0,29.48,32.43
28.38,64.98,7.536,5.427,0.076,1879.0,-0.4,0.0,0.1,68.6,98.0,38.86,32.511
28.17,64.85,6.774,5.387,0.042,1152.0,-0.48,0.0,-0.2,43.0,81.0,25.625,32.31
28.26,65.08,7.205,5.633,0.101,1089.0,-0.15,0.0,-0.2,54.2,81.0,27.403,32.485
28.21,65.06,6.319,5.274,0.053,1040.0,0.2,0.0,0.3,67.4,98.0,29.413,32.379
28.38,64.85,7.435,5.293,0.138,1203.0,-0.4,0.0,-0.1,56.2,98.0,29.614,32.549
28.16,64.55,6.802,5.226,0.165,1384.0,0.19,0.0,0.1,65.8,81.0,21.105,32.329
28.26,65.07,7.036,5.504,-0.04,901.0,-0.3,0.0,-0.2,47.6,81.0,30.887,32.416
28.31,64.79,6.429,5.224,0.097,2748.0,0.0,0.0,-0.1,35.0,98.0,31.715,32.473
28.25,64.65,5.951,5.146,-0.018,2559.0,-0.19,0.0,-0.1,65.2,81.0,24.656,32.31
28.27,64.69,5.986,5.531,0.159,2417.0,-0.19,0.0,0.4,66.4,81.0,35.309,32.32
28.33,64.58,6.125,5.123,0.064,1461.0,-0.19,0.0,0.5,48.4,98.0,24.924,32.545
28.23,65.07,7.636,5.603,0.05,648.0,-0.4,0.0,0.3,35.6,98.0,27.604,32.458
28.18,64.9,5.914,5.131,0.096,361.0,0.13,0.0,0.4,69.6,81.0,26.13,32.317
28.28,64.55,6.35,5.456,0.066,236.0,-0.4,0.0,0.4,30.8,81.0,39.664,32.345
28.25,64.93,8.278,5.734,0.048,2921.0,-0.4,0.0,-0.2,10.0,81.0,38.031,32.304
28.36,64.97,7.361,5.203,0.05,864.0,-0.4,0.0,0.1,27.8,-81.36,29.346,32.61
28.27,64.81,6.511,5.5,0.074,1205.0,-0.11,0.0,-0.2,46.6,81.0,25.693,32.373
28.25,64.94,7.404,5.362,0.039,915.0,-0.19,0.0,-0.1,28.6,81.0,20.502,32.386
28.13,64.93,7.275,5.467,0.122,1176.0,-0.04,0.0,0.1,37.8,98.0,38.056,32.406
28.28,64.7,6.342,5.475,0.058,1609.0,0.0,0.0,0.1,37.8,81.0,39.329,32.298
28.14,64.88,7.888,5.232,0.047,2080.0,0.45,0.0,-0.1,35.4,98.0,31.987,32.245
28.14,64.84,7.447,5.214,0.101,587.0,-0.48,0.0,-0.1,37.8,81.0,24.465,32.182
28.23,64.96,7.536,5.502,0.055,3047.0,-0.35,0.0,0.3,64.0,98.0,37.759,32.444
28.19,64.85,6.295,5.49,0.06,288.0,0.13,0.0,-0.3,51.2,81.0,37.855,32.399
28.31,64.71,6.252,5.409,0.044,382.0,-0.36,0.0,0.1,67.2,98.0,39.329,32.553
28.28,64.8,7.456,5.192,0.078,1070.0,-0.35,0.0,-0.1,68.8,98.0,30.15,32.474
28.22,64.7,5.066,5.355,0.141,1512.0,0.2,0.0,0.3,32.0,81.0,29.114,32.404
28.15,64.77,7.492,5.147,0.036,3110.0,0.0,0.0,-0.1,40.8,81.0,24.6,32.299
28.2,64.82,7.77,5.504,0.059,2009.0,0.19,0.0,-0.2,30.4,-22.36,26.733,32.416
28.19,64.62,6.096,5.102,0.151,2896.0,0.2,0.0,0.3,10.0,98.0,24.589,32.317
28.28,64.86,7.95,5.5,0.063,2626.0,0.17,0.0,0.2,51.6,-81.36,25.489,32.416
28.25,64.87,6.902,5.27,0.041,442.0,0.2,0.0,-0.1,10.0,81.0,274.62,32.373
28.25,64.62,7.394,4.747,0.158,786.0,-0.35,0.0,0.2,29.4,81.0,276.0,32.322
28.28,64.87,7.814,5.257,0.079,2027.0,-0.35,0.0,-0.2,55.2,81.0,31.919,32.272
28.19,64.71,6.807,5.62,0.069,850.0,-0.36,0.0,0.2,10.0,81.0,33.351,32.381
28.29,64.92,7.532,5.6,0.083,852.0,-0.19,0.0,-0.1,32.4,98.0,38.994,32.501
28.2,64.96,7.61,5.249,-0.012,1337.0,-0.19,0.0,-0.3,28.6,98.0,29.48,32.495
28.2,65.1,6.243,5.284,-0.011,1232.0,-0.48,0.0,-0.2,26.8,81.0,29.547,32.204
28.18,64.98,8.107,5.506,0.035,1536.0,-0.4,0.0,-0.2,45.4,81.0,37.895,32.189
28.34,64.78,7.07,5.44,0.084,710.0,-0.44,0.0,0.3,10.0,-81.36,31.088,32.439
28.23,64.57,6.848,5.83,0.1,1139.0,0.0,0.0,-0.1,24.2,81.0,21.038,32.279
28.32,65.05,7.845,5.322,-0.01,1305.0,-0.43,0.0,-0.1,10.0,81.0,38.793,32.325
28.15,65.09,6.059,5.321,0.073,2073.0,-0.04,0.0,0.0,51.4,98.0,27.403,32.409
28.23,65.09,6.814,5.213,0.055,896.0,-0.3,0.0,0.4,65.2,98.0,29.279,32.437
28.29,64.72,5.879,5.365,0.06,1132.0,-0.43,0.0,0.0,51.2,81.0,28.676,32.378
28.24,64.68,7.716,5.192,-0.022,3064.0,-0.15,0.0,0.2,35.0,81.0,24.465,32.45
28.23,64.69,6.812,5.829,0.067,1218.0,-0.44,0.0,0.4,43.8,81.0,33.351,32.34
28.28,64.71,6.894,5.59,0.086,674.0,0.15,0.0,-0.2,24.6,98.0,274.62,32.437
28.29,64.72,7.195,5.212,0.024,116.0,0.0,0.0,-0.1,29.2,81.0,275.31,32.37
28.31,64.73,6.509,5.656,0.053,1371.0,-0.36,0.0,-0.1,12.6,98.0,33.351,32.375
28.22,64.57,6.69,5.78,0.117,1099.0,-0.15,0.0,0.4,48.6,-81.36,20.971,32.349
28.33,65.23,7.133,5.328,0.004,1167.0,0.41,0.0,-0.1,55.4,98.0,29.279,32.532
28.29,64.54,6.939,5.536,-0.114,1290.0,0.2,0.0,0.1,38.0,98.0,39.664,32.521
28.28,64.81,7.671,5.314,0.012,1548.0,-0.11,0.0,-0.3,29.8,81.0,30.15,32.383
28.27,65.1,6.576,5.281,0.068,1244.0,-0.48,0.0,0.3,26.4,81.0,29.48,32.38
28.21,65.07,6.573,5.529,0.01,1194.0,-0.35,0.0,-0.1,10.0,81.0,37.721,32.458
28.21,65.06,6.714,5.505,0.014,544.0,-0.35,0.0,0.2,35.2,-81.36,31.088,32.336
28.28,64.91,6.918,5.882,0.092,991.0,-0.48,0.0,-0.2,44.2,98.0,23.256,32.526
28.26,64.7,7.38,5.568,0.008,938.0,-0.4,0.0,-0.2,55.2,81.0,276.69,32.375
28.31,64.9,7.307,5.587,0.081,885.0,0.41,0.0,0.1,58.2,-81.36,35.108,32.463
28.1,64.65,7.9,5.309,-0.001,1975.0,-0.44,0.0,-0.1,69.6,-81.36,30.284,32.261
28.32,64.86,6.751,5.415,0.09,731.0,-0.43,0.0,-0.1,57.6,-23.36,25.829,32.369
28.21,64.94,7.978,5.237,-0.005,1063.0,0.45,0.0,-0.1,10.0,98.0,27.403,32.448
28.21,64.85,6.871,5.909,0.086,699.0,-0.43,0.0,0.3,62.4,81.0,23.256,32.227
28.28,64.8,6.75,5.2,0.03,2437.0,-0.15,0.0,0.1,44.2,81.0,31.715,32.461
28.23,64.94,6.842,5.841,0.136,1088.0,-0.44,0.0,-0.1,32.8,81.0,23.256,32.334
28.26,64.68,5.315,5.327,0.137,1239.0,-0.3,0.0,-0.2,10.0,98.0,29.114,32.466
28.23,65.24,7.877,5.635,0.033,745.0,-0.4,0.0,0.0,53.4,98.0,27.336,32.427
28.19,64.51,7.417,5.248,0.053,558.0,-0.11,0.0,-0.3,41.4,81.0,21.172,32.395
28.12,64.97,7.739,5.405,0.086,563.0,-0.19,0.0,-0.2,60.2,81.0,26.532,32.172
28.25,64.66,7.661,5.578,0.003,1403.0,-0.07,0.0,0.0,32.2,98.0,30.284,32.325
28.24,64.64,5.944,5.041,0.01,2111.0,-0.4,0.0,-0.2,14.6,81.0,24.723,32.324
28.31,64.87,8.44,5.563,0.098,1703.0,0.41,0.0,-0.2,51.6,98.0,25.557,32.503
28.23,65.06,7.083,5.236,-0.003,1285.0,-0.4,0.0,0.4,10.0,98.0,29.212,32.465
28.18,64.88,7.967,5.478,0.076,1503.0,0.0,0.0,0.0,15.6,98.0,26.532,32.496
28.25,64.98,6.397,5.205,0.017,1166.0,0.45,0.0,-0.2,10.0,98.0,23.919,32.425
28.3,64.83,7.445,5.651,0.053,1124.0,-0.11,0.0,-0.1,68.2,-81.36,35.108,32.355
28.32,64.92,7.664,5.576,0.067,444.0,0.16,0.0,-0.1,10.0,81.0,34.974,32.425
28.23,64.76,5.936,5.217,0.041,2956.0,0.17,0.0,0.2,59.2,81.0,31.172,32.378
28.17,64.85,5.403,5.436,0.131,1534.0,-0.35,0.0,-0.2,40.6,81.0,28.609,32.232
28.22,64.82,7.236,5.272,0.135,281.0,0.49,0.0,0.1,35.4,81.0,273.24,32.317
28.37,64.86,6.175,5.084,0.129,643.0,-0.15,0.0,0.1,32.4,98.0,26.264,32.501
28.29,64.97,5.801,5.404,0.065,798.0,0.17,0.0,-0.2,24.2,81.0,37.922,32.36
28.21,64.96,8.399,5.151,0.014,783.0,-0.48,0.0,0.0,47.0,98.0,27.403,32.396
28.16,64.82,7.655,5.385,0.015,2198.0,-0.48,0.0,0.2,10.0,98.0,26.532,32.39
28.29,64.7,7.96,5.713,0.116,774.0,0.0,0.0,-0.3,26.8,81.0,39.061,32.22
28.31,64.56,6.998,5.369,0.006,1346.0,-0.19,0.0,-0.1,10.6,81.0,29.011,32.47
28.19,64.92,7.497,5.64,0.066,1916.0,0.41,0.0,-0.1,46.6,98.0,38.86,32.387
28.38,64.93,6.355,5.59,0.024,909.0,-0.43,0.0,0.1,56.0,81.0,25.761,32.466
28.32,65.0,5.918,5.225,0.137,666.0,-0.43,0.0,-0.1,38.4,-81.36,27.47,32.415
28.2,64.7,6.866,5.663,0.129,1087.0,-0.15,0.0,0.1,49.6,81.0,33.283,32.211
28.22,65.08,7.289,5.542,0.103,1570.0,-0.11,0.0,0.4,55.0,-81.36,37.654,32.345
28.24,65.05,7.307,5.671,-0.038,1217.0,-0.43,0.0,-0.2,30.0,-23.36,27.403,32.391
28.24,64.71,4.827,5.347,0.032,1057.0,-0.35,0.0,0.3,58.0,81.0,29.182,32.273
28.15,64.56,7.251,5.285,0.061,1079.0,-0.43,0.0,-0.1,58.4,98.0,21.105,32.288
28.16,64.69,6.395,5.387,0.034,999.0,-0.43,0.0,-0.2,65.0,81.0,28.542,32.194
28.3,64.65,6.052,5.338,0.096,243.0,-0.07,0.0,0.1,12.6,98.0,39.396,32.39
28.22,64.86,6.628,5.891,0.034,1112.0,0.49,0.0,-0.1,16.2,81.0,23.324,32.315
28.29,64.69,6.981,5.273,0.022,1472.0,-0.35,0.0,0.0,68.0,81.0,29.114,32.385
28.11,65.03,8.255,5.782,0.08,3802.0,-0.44,0.0,-0.2,38.8,81.0,24.194,32.207
28.3,64.53,6.829,5.42,0.027,1245.0,0.16,0.0,0.1,27.2,-81.36,39.597,32.43
28.16,65.0,8.659,5.053,-0.022,1293.0,-0.48,0.0,0.0,13.0,81.0,24.397,32.333
28.25,64.68,8.077,5.371,0.036,930.0,0.2,0.0,0.3,31.8,81.0,29.182,32.394
28.23,64.85,7.67,5.261,0.032,1241.0,0.15,0.0,0.4,10.2,81.0,29.681,32.275
28.27,64.7,6.196,5.416,0.045,1212.0,-0.35,0.0,-0.2,10.0,98.0,39.53,32.533
28.26,64.86,7.653,5.182,0.079,2345.0,0.19,0.0,0.1,12.6,81.0,31.715,32.443
28.29,65.02,7.744,5.674,0.152,2909.0,-0.11,0.0,-0.3,32.8,98.0,37.759,32.459
28.36,64.68,6.319,5.337,0.07,609.0,-0.4,0.0,-0.1,23.8,81.0,39.396,32.525
28.16,65.05,6.571,5.068,0.067,973.0,-0.15,0.0,-0.1,30.0,98.0,27.47,32.266
28.26,64.96,7.327,5.268,0.06,772.0,-0.15,0.0,-0.2,10.0,81.0,20.502,32.428
28.22,64.86,8.703,5.511,0.078,2426.0,-0.3,0.0,-0.2,43.2,81.0,25.422,32.43
28.23,64.84,7.056,5.553,0.17,1485.0,0.19,0.0,-0.2,54.8,81.0,25.693,32.245
28.23,64.95,5.808,5.516,-0.047,1159.0,-0.48,0.0,-0.1,48.6,81.0,37.855,32.351
28.29,65.0,8.275,5.63,0.062,2766.0,-0.44,0.0,0.0,56.4,-81.36,37.827,32.419
28.16,64.9,8.014,5.453,0.114,899.0,0.2,0.0,-0.1,37.0,98.0,26.532,32.498
28.25,64.86,5.958,5.81,0.031,980.0,-0.44,0.0,0.0,10.0,81.0,23.119,32.313
28.26,65.01,6.864,5.352,-0.007,1010.0,-0.4,0.0,0.0,58.6,81.0,30.887,32.266
28.24,64.81,7.354,5.536,0.025,1287.0,-0.15,0.0,0.0,15.6,81.0,25.693,32.267
28.23,64.92,7.828,5.21,0.144,1956.0,-0.35,0.0,-0.1,10.0,81.0,31.851,32.424
28.3,65.05,7.474,5.433,0.102,281.0,0.45,0.0,-0.1,28.8,98.0,31.088,32.53
28.26,65.0,7.229,5.503,-0.051,533.0,0.2,0.0,0.4,44.0,98.0,27.537,32.488
28.31,65.08,7.806,5.477,-0.024,744.0,-0.48,0.0,0.0,17.6,-23.36,30.82,32.34
28.3,64.55,6.846,5.381,0.069,976.0,0.41,0.0,-0.1,25.6,-81.36,39.664,32.526
28.26,64.5,6.816,5.327,0.129,1662.0,-0.35,0.0,-0.3,25.0,98.0,24.723,32.412
28.25,64.73,5.533,5.333,0.073,1241.0,0.45,0.0,-0.2,10.0,81.0,29.182,32.237
28.22,64.9,8.437,5.569,0.079,2686.0,-0.35,0.0,-0.1,10.0,98.0,38.099,32.47
28.24,65.06,7.915,5.462,0.065,912.0,-0.11,0.0,-0.3,38.6,98.0,24.33,32.533
28.23,64.79,8.403,5.524,0.08,2923.0,-0.4,0.0,0.4,30.0,81.0,25.489,32.285
28.19,65.02,6.606,5.196,0.089,1316.0,0.13,0.0,0.3,38.4,81.0,23.852,32.269
28.17,64.67,8.146,5.299,-0.023,644.0,-0.19,0.0,-0.1,52.6,81.0,29.182,32.254
28.14,64.83,8.173,5.403,-0.014,730.0,0.13,0.0,-0.1,64.2,81.0,26.532,32.292
28.25,64.64,6.315,5.327,0.054,261.0,-0.48,0.0,0.0,10.0,81.0,39.597,32.396
28.29,65.06,7.721,5.393,0.022,883.0,-0.35,0.0,-0.1,64.0,98.0,30.887,32.411
28.29,64.72,8.083,5.668,-0.015,412.0,0.19,0.0,-0.1,45.6,81.0,38.86,32.243
28.31,64.97,6.574,5.246,0.038,1111.0,0.0,0.0,0.2,10.0,98.0,23.919,32.483
28.28,64.84,7.657,5.181,0.067,2187.0,-0.43,0.0,0.3,12.8,98.0,31.919,32.413
28.26,64.54,8.202,5.444,0.066,2824.0,-0.35,0.0,0.1,10.0,98.0,39.664,32.497
28.18,64.76,7.429,5.264,-0.007,1411.0,-0.09,0.0,0.4,10.0,98.0,20.703,32.445
28.22,65.07,6.476,5.24,0.097,1151.0,0.17,0.0,0.1,10.0,81.0,29.346,32.263
28.36,64.7,5.954,5.51,-0.046,1036.0,-0.15,0.0,-0.2,60.6,-81.36,35.51,32.48
28.23,64.53,8.329,5.454,0.087,998.0,-0.35,0.0,0.0,24.2,-81.36,39.731,32.394
28.24,64.83,6.707,5.298,0.043,2067.0,-0.35,0.0,0.0,12.8,98.0,24.33,32.468
28.23,64.95,8.176,5.488,0.066,488.0,0.13,0.0,0.3,10.0,81.0,38.86,32.348
28.27,64.91,8.17,5.884,0.053,1974.0,0.2,0.0,0.1,10.0,-81.36,24.33,32.507
28.13,64.99,6.797,5.56,0.056,2194.0,0.45,0.0,0.4,33.4,98.0,37.721,32.309
28.17,64.64,6.689,5.37,0.088,2043.0,0.0,0.0,0.1,21.0,98.0,24.667,32.328
28.25,64.49,6.924,5.092,0.097,1990.0,-0.4,0.0,-0.1,13.4,81.0,25.058,32.334
28.19,64.91,7.093,5.494,0.068,919.0,0.45,0.0,0.4,31.4,81.0,30.686,32.22
28.32,64.93,7.476,5.404,0.085,2014.0,-0.48,0.0,-0.2,20.8,81.0,38.927,32.42
28.41,64.86,7.259,5.682,-0.001,696.0,-0.36,0.0,-0.3,41.8,81.0,33.147,32.371
28.32,64.9,5.943,4.819,0.086,2064.0,-0.44,0.0,-0.3,24.8,81.0,26.331,32.472
28.3,64.8,5.872,5.425,0.053,961.0,-0.15,0.0,0.4,10.0,81.0,28.542,32.305
28.28,65.04,6.552,5.798,0.093,1653.0,-0.36,0.0,0.0,13.4,98.0,23.05,32.511
28.22,64.85,7.334,5.128,0.033,656.0,-0.4,0.0,-0.2,59.4,81.0,272.55,32.273
28.4,64.91,7.212,5.228,0.036,342.0,-0.35,0.0,0.1,10.0,81.0,271.86,32.484
28.28,64.83,6.937,5.572,-0.019,1354.0,0.0,0.0,0.1,16.6,81.0,25.422,32.261
28.23,64.66,6.722,5.333,0.057,1146.0,-0.35,0.0,-0.2,65.8,-81.36,29.748,32.321
28.24,64.92,7.238,5.138,0.081,1238.0,-0.48,0.0,0.0,10.0,98.0,29.882,32.353
28.31,64.94,7.41,5.412,0.038,1694.0,-0.44,0.0,-0.2,60.8,98.0,38.793,32.395
28.08,64.78,7.57,5.469,0.017,1966.0,0.45,0.0,0.3,30.0,81.0,26.532,32.279
28.27,64.96,7.851,5.32,0.029,1579.0,-0.19,0.0,-0.1,10.0,98.0,29.547,32.426
28.23,65.09,7.028,5.284,0.131,773.0,-0.43,0.0,0.0,45.2,98.0,29.279,32.36
28.19,65.04,6.561,5.125,0.038,1307.0,0.49,0.0,0.2,17.0,81.0,29.614,32.281
28.25,64.64,6.198,5.097,0.106,2062.0,-0.35,0.0,-0.4,60.6,-81.36,24.589,32.464
28.24,64.57,8.184,5.454,0.064,1067.0,0.2,0.0,-0.1,43.6,81.0,39.597,32.337
28.3,65.0,6.796,5.32,0.036,579.0,0.41,0.0,-0.2,27.0,81.0,29.413,32.324
28.26,64.79,6.093,5.669,-0.02,1652.0,-0.4,0.0,-0.1,64.6,81.0,35.242,32.393
28.26,64.64,7.192,5.526,-0.024,895.0,0.41,0.0,-0.1,47.8,98.0,276.0,32.417
28.2,64.49,7.046,5.295,0.025,2258.0,-0.09,0.0,-0.1,10.0,81.0,20.971,32.318
28.21,65.03,8.29,5.492,0.077,783.0,-0.35,0.0,-0.1,62.2,98.0,24.194,32.451
28.09,64.85,6.141,5.476,0.062,1218.0,0.0,0.0,0.0,10.0,98.0,30.887,32.154
28.23,64.71,8.234,5.33,0.073,826.0,-0.35,0.0,-0.1,67.8,98.0,29.25,32.488
28.24,64.94,7.169,5.263,0.032,863.0,0.2,0.0,0.0,46.4,81.0,20.569,32.312
28.3,64.58,6.867,5.088,0.089,1845.0,0.16,0.0,-0.2,26.4,81.0,25.058,32.436
28.21,65.09,7.121,5.446,0.02,1031.0,-0.48,0.0,-0.1,68.4,-81.36,37.989,32.425
28.26,65.09,7.87,5.437,0.093,665.0,-0.19,0.0,0.4,39.4,98.0,30.82,32.32
28.28,64.83,7.21,5.309,0.024,1405.0,-0.3,0.0,-0.2,67.6,81.0,29.748,32.262
28.26,64.78,7.423,5.682,0.054,618.0,-0.3,0.0,0.1,40.6,98.0,33.283,32.494
28.24,65.11,5.767,5.174,0.07,2765.0,0.45,0.0,-0.2,10.0,98.0,27.068,32.435
28.3,64.51,6.629,5.38,-0.02,1308.0,-0.48,0.0,0.5,51.6,98.0,29.011,32.48
28.31,64.86,5.802,5.732,0.071,1219.0,-0.48,0.0,-0.1,39.4,-23.36,23.256,32.462
28.26,64.9,7.707,5.228,0.049,2171.0,0.2,0.0,0.1,25.8,81.0,31.851,32.29
28.31,65.03,6.951,5.3,0.003,753.0,-0.35,0.0,-0.1,10.0,98.0,29.279,32.432
28.24,65.2,6.736,5.569,0.028,1231.0,-0.11,0.0,-0.2,62.2,81.0,27.403,32.227
28.27,64.81,7.34,5.115,0.073,2321.0,-0.4,0.0,-0.1,34.0,98.0,25.996,32.476
28.2,64.94,7.818,5.383,0.044,800.0,-0.36,0.0,-0.1,47.2,81.0,26.331,32.345
28.33,65.1,7.909,5.51,0.041,724.0,0.13,0.0,0.1,54.2,81.0,34.84,32.444
28.19,64.55,7.247,5.21,0.052,926.0,0.2,0.0,0.0,48.4,81.0,21.038,32.264
28.27,64.75,6.899,5.499,0.025,509.0,-0.02,0.0,0.3,55.6,81.0,31.021,32.366
28.25,64.71,6.264,5.624,0.061,1082.0,0.0,0.0,-0.2,56.6,-81.36,33.419,32.464
28.23,64.8,7.357,5.228,-0.106,740.0,-0.35,0.0,-0.1,17.0,98.0,24.735,32.421
28.33,65.19,6.64,5.366,0.136,1399.0,-0.4,0.0,-0.05,24.8,81.0,29.614,32.35
28.24,64.92,6.429,5.588,0.078,1189.0,-0.3,0.0,-0.1,37.0,81.0,25.557,32.325
28.15,64.95,7.825,5.175,0.089,1956.0,-0.36,0.0,0.1,14.8,81.0,29.815,32.311
28.16,65.03,8.254,5.433,0.036,1101.0,-0.43,0.0,0.4,12.6,81.0,24.33,32.395
28.16,64.7,7.862,5.673,0.141,785.0,-0.11,0.0,0.4,62.0,81.0,38.927,32.294
28.27,64.57,7.354,5.27,0.034,1299.0,-0.43,0.0,-0.2,22.8,98.0,20.971,32.437
28.34,64.8,5.937,5.681,0.034,1621.0,0.13,0.0,-0.1,38.4,81.0,35.175,32.473
28.32,64.87,5.806,5.41,0.16,1009.0,0.19,0.0,-0.1,47.0,98.0,28.542,32.485
28.31,64.95,6.695,5.863,-0.038,926.0,-0.44,0.0,-0.3,55.0,81.0,23.187,32.461
28.37,65.07,6.704,5.543,0.026,293.0,-0.11,0.0,-0.1,53.0,81.0,27.403,32.475
28.22,64.86,7.073,5.032,0.087,688.0,-0.15,0.0,-0.1,10.0,-81.36,26.13,32.224
28.22,64.92,7.905,5.556,0.005,1591.0,-0.39,0.0,0.1,54.8,-81.36,26.532,32.493
28.27,65.16,8.01,5.281,0.021,1294.0,-0.44,0.0,-0.3,69.0,-81.36,29.48,32.346
28.32,64.57,6.486,5.384,0.109,1730.0,-0.04,0.0,0.4,16.6,98.0,39.798,32.539
28.16,64.92,8.214,5.545,-0.005,778.0,0.15,0.0,0.1,57.2,81.0,26.532,32.209
28.26,64.9,7.054,5.835,0.112,1592.0,-0.43,0.0,-0.1,39.8,81.0,23.05,32.365
28.34,64.7,8.003,5.401,0.069,305.0,-0.43,0.0,-0.1,60.2,98.0,38.927,32.54
28.23,64.69,6.184,5.397,0.004,915.0,0.13,0.0,-0.1,62.6,81.0,39.463,32.296
28.18,65.08,6.89,5.416,0.062,1740.0,-0.48,0.0,-0.2,62.8,81.0,37.788,32.331
28.25,65.06,6.149,5.313,-0.056,1275.0,-0.43,0.0,0.4,33.4,98.0,29.614,32.38
28.16,64.96,7.643,5.494,0.075,1742.0,-0.03,0.0,0.1,57.0,98.0,26.398,32.401
28.29,64.88,8.538,5.594,0.165,2537.0,-0.43,0.0,-0.2,10.0,-81.36,25.489,32.448
28.31,64.77,6.049,5.745,0.087,1948.0,-0.11,0.0,0.0,54.4,98.0,35.041,32.463
28.29,64.75,6.863,5.419,-0.024,669.0,-0.44,0.0,0.0,10.0,81.0,31.222,32.321
28.26,64.7,7.812,5.702,0.119,955.0,0.41,0.0,-0.1,65.4,81.0,38.86,32.188
28.32,64.91,5.949,5.129,-0.022,1850.0,-0.4,0.0,-0.1,23.0,98.0,25.996,32.534
28.26,65.06,6.42,5.318,-0.015,459.0,0.41,0.0,0.3,49.0,98.0,23.852,32.345
28.3,64.82,8.193,5.357,0.027,2584.0,-0.35,0.0,-0.2,40.2,98.0,25.557,32.48
28.28,64.98,6.068,5.714,0.001,1705.0,0.19,0.0,0.3,21.4,98.0,23.119,32.486
28.14,64.74,7.223,5.37,0.02,1727.0,0.19,0.0,-0.2,62.4,98.0,29.046,32.334
28.34,65.05,7.945,5.479,-0.004,597.0,-0.48,0.0,-0.2,58.2,-81.36,34.907,32.42
28.12,64.57,8.433,5.414,0.017,1317.0,-0.4,0.0,0.1,10.0,81.0,39.463,32.148
28.24,65.04,6.022,5.293,0.019,809.0,-0.36,0.0,-0.2,25.8,81.0,27.403,32.378
28.18,64.46,6.609,5.088,0.067,2186.0,-0.4,0.0,-0.2,16.6,81.0,25.125,32.316
28.18,64.74,7.805,5.534,0.065,2386.0,0.15,0.0,0.4,42.6,81.0,26.666,32.421
28.2,64.94,7.999,5.616,0.114,2303.0,-0.43,0.0,-0.1,29.0,81.0,26.331,32.383
28.22,64.9,8.018,5.485,0.028,2276.0,-0.36,0.0,0.1,48.8,-81.36,26.465,32.41
28.27,64.82,6.771,5.553,0.143,1822.0,0.13,0.0,0.0,26.2,81.0,37.788,32.413
28.18,64.53,7.028,5.436,0.041,1721.0,-0.35,0.0,-0.1,10.0,81.0,39.731,32.224
28.28,64.86,7.44,5.117,0.05,287.0,-0.43,0.0,-0.1,64.6,-81.36,24.532,32.506
28.2,65.06,6.686,5.287,0.068,612.0,-0.3,0.0,0.4,31.0,98.0,29.279,32.422
28.2,64.9,5.947,5.482,0.046,1637.0,-0.11,0.0,-0.2,68.8,81.0,37.922,32.339
28.26,64.98,6.717,5.224,0.075,1232.0,0.45,0.0,0.4,10.0,-81.36,23.919,32.375
28.27,64.86,7.252,5.185,0.052,468.0,-0.35,0.0,0.4,65.8,81.0,271.86,32.331
28.16,64.76,6.518,5.307,0.013,2403.0,0.49,0.0,0.1,10.0,81.0,24.532,32.379
28.19,64.98,6.887,5.619,0.051,1082.0,-0.15,0.0,0.1,47.8,98.0,20.502,32.434
28.26,64.61,5.915,5.152,0.076,2181.0,-0.43,0.0,0.1,60.2,98.0,24.723,32.586
28.23,64.82,7.202,5.028,-0.026,684.0,-0.35,0.0,-0.1,50.8,98.0,25.795,32.369
28.27,64.77,6.469,5.212,0.097,2519.0,0.49,0.0,-0.1,20.4,81.0,31.647,32.369
28.28,65.03,7.568,4.856,0.029,280.0,0.17,0.0,0.2,30.0,-81.36,27.403,32.446
28.28,64.78,5.375,5.601,0.051,1963.0,-0.11,0.0,-0.1,10.0,-81.36,35.108,32.3
28.23,65.12,6.24,5.323,0.05,1218.0,0.19,0.0,0.3,51.8,81.0,30.82,32.205
28.14,64.83,6.037,5.433,0.121,1247.0,-0.19,0.0,-0.1,68.8,81.0,38.123,32.313
28.2,64.57,7.044,5.341,0.044,1640.0,-0.015,0.0,0.1,44.4,98.0,28.877,32.365
28.32,65.05,7.78,5.603,0.002,1156.0,-0.43,0.0,-0.2,59.2,-81.36,27.47,32.428
28.22,65.01,6.961,5.26,0.076,853.0,-0.19,0.0,0.2,10.0,81.0,29.413,32.357
28.25,64.56,6.31,5.453,0.077,1497.0,-0.42,0.0,-0.2,33.6,81.0,39.731,32.304
28.33,64.8,5.238,5.536,0.054,1374.0,-0.11,0.0,0.4,37.8,-23.36,28.542,32.356
28.24,64.73,7.34,5.362,0.009,1268.0,-0.11,0.0,-0.2,69.0,81.0,30.217,32.346
28.19,64.75,7.753,5.499,0.106,1941.0,-0.36,0.0,0.1,50.2,98.0,26.532,32.445
28.24,64.69,8.142,5.309,0.007,797.0,-0.4,0.0,-0.1,13.4,98.0,29.318,32.474
28.18,64.96,7.576,5.525,0.105,1115.0,-0.48,0.0,-0.3,57.4,98.0,37.759,32.36
28.24,65.01,6.726,5.464,0.014,1195.0,-0.43,0.0,-0.3,54.2,98.0,31.021,32.489
28.3,65.03,6.605,5.347,0.084,1040.0,0.15,0.0,-0.3,49.4,98.0,29.681,32.443
28.3,65.09,6.496,5.261,-0.004,388.0,-0.44,0.0,-0.1,10.8,98.0,23.785,32.451
28.3,64.5,6.944,5.302,0.128,1153.0,-0.43,0.0,-0.1,30.4,81.0,29.078,32.307
28.1,64.9,6.199,5.391,-0.022,1600.0,-0.39,0.0,0.0,57.2,81.0,37.855,32.145
28.22,64.82,7.091,5.548,0.011,1509.0,0.0,0.0,0.2,44.8,81.0,37.788,32.336
28.21,64.84,5.707,5.4,0.123,1210.0,-0.08,0.0,-0.1,48.0,81.0,28.542,32.274
28.21,64.72,7.312,5.158,0.004,3362.0,-0.48,0.0,-0.1,10.0,81.0,276.0,32.265
28.25,64.7,5.945,5.44,0.083,1567.0,-0.35,0.0,0.1,21.2,98.0,35.309,32.413
28.23,65.06,6.855,5.173,0.03,1174.0,-0.4,0.0,-0.2,64.4,81.0,29.681,32.288
28.26,64.89,5.984,5.015,0.029,591.0,-0.36,0.0,-0.1,11.2,81.0,26.331,32.324
28.21,64.69,7.189,5.289,0.101,1993.0,-0.35,0.0,-0.2,41.4,98.0,29.25,32.335
28.26,65.1,6.566,5.244,-0.018,1395.0,0.19,0.0,0.1,46.7,81.0,29.48,32.435
28.24,65.12,6.101,5.516,0.009,1054.0,-0.3,0.0,0.3,53.4,81.0,30.887,32.327
28.36,65.07,7.875,5.482,0.157,483.0,-0.4,0.0,0.1,10.0,81.0,34.907,32.411
28.3,64.77,6.049,5.372,0.018,1762.0,0.13,0.0,-0.1,37.4,81.0,35.175,32.46
28.35,64.67,6.054,5.581,0.096,1308.0,-0.48,0.0,-0.1,10.0,-23.36,35.175,32.43
28.18,65.11,6.101,5.245,0.014,2727.0,-0.4,0.0,-0.1,62.4,81.0,27.269,32.302
28.18,65.03,8.021,5.2,0.1,2255.0,-0.43,0.0,-0.1,67.2,81.0,29.815,32.32
28.28,64.66,6.064,5.063,0.023,2840.0,-0.35,0.0,-0.4,21.8,81.0,24.455,32.435
28.3,64.55,6.636,5.423,0.044,1947.0,-0.15,0.0,-0.1,57.4,98.0,39.597,32.501
28.23,64.92,7.58,5.203,0.083,2388.0,0.17,0.0,0.1,55.6,81.0,31.307,32.291
28.23,64.8,6.802,5.361,-0.008,1629.0,-0.04,0.0,0.1,46.6,98.0,30.284,32.396
28.21,64.52,7.183,5.223,0.097,1601.0,-0.07,0.0,-0.2,20.0,98.0,21.038,32.396
28.26,65.06,6.079,5.266,0.011,766.0,-0.43,0.0,-0.1,54.2,-81.36,27.202,32.434
28.22,65.04,6.732,5.648,0.016,807.0,-0.35,0.0,-0.1,12.4,81.0,27.403,32.213
28.26,65.02,7.402,5.234,0.014,1070.0,-0.35,0.0,-0.1,29.0,98.0,29.346,32.442
28.19,65.06,7.86,5.112,0.021,2595.0,-0.48,0.0,-0.1,33.8,98.0,29.748,32.382
28.25,64.91,7.458,5.091,0.055,427.0,-0.11,0.0,-0.2,10.0,-81.36,24.397,32.364
28.22,65.03,7.953,5.545,0.064,1152.0,0.49,0.0,0.1,21.0,-81.36,37.623,32.332
28.2,65.06,5.996,5.298,0.027,1303.0,-0.4,0.0,0.4,10.0,98.0,29.212,32.382
28.21,64.89,8.088,5.459,0.053,507.0,0.15,0.0,-0.1,67.0,81.0,38.86,32.31
28.33,64.71,7.123,5.45,0.022,738.0,-0.4,0.0,-0.2,46.4,81.0,275.31,32.342
28.18,64.82,8.386,5.235,-0.025,2210.0,-0.35,0.0,-0.1,10.0,-81.36,31.851,32.184
28.22,64.67,6.547,5.334,0.012,854.0,-0.35,0.0,0.0,27.2,98.0,29.681,32.446
28.23,65.08,6.513,5.479,0.067,817.0,-0.13,0.0,-0.1,53.6,81.0,31.088,32.329
28.4,64.81,7.901,5.592,0.104,748.0,-0.3,0.0,-0.1,59.2,81.0,39.061,32.538
28.28,64.52,6.802,5.427,0.041,1198.0,-0.4,0.0,-0.1,23.2,-81.36,39.798,32.467
28.3,64.89,6.946,5.868,0.026,1656.0,-0.48,0.0,-0.2,59.6,98.0,23.119,32.466
28.32,64.68,7.616,5.343,0.064,1334.0,-0.35,0.0,0.4,21.4,98.0,39.396,32.467
28.3,65.04,6.155,5.367,0.088,1055.0,-0.11,0.0,0.0,10.0,81.0,30.954,32.451
28.31,65.15,6.529,5.472,0.048,957.0,0.17,0.0,-0.2,60.0,-81.36,30.887,32.406
28.23,64.66,6.282,5.389,0.068,1813.0,-0.43,0.0,-0.1,12.8,98.0,39.731,32.41
28.26,64.93,7.616,5.316,0.079,1163.0,-0.39,0.0,0.0,40.2,81.0,29.413,32.234
28.33,65.05,6.505,5.33,0.046,329.0,-0.07,0.0,0.4,69.6,81.0,23.785,32.429
28.23,64.82,7.16,5.761,0.005,633.0,0.15,0.0,0.4,21.6,98.0,33.351,32.445
28.27,64.72,6.123,5.688,0.052,2133.0,-0.11,0.0,-0.1,10.0,98.0,35.309,32.403
28.22,64.55,5.984,5.383,0.086,1702.0,-0.44,0.0,0.1,61.8,98.0,28.877,32.382
28.29,65.11,6.271,5.321,0.019,1992.0,0.15,0.0,0.3,55.6,-81.36,23.852,32.356
28.29,64.82,6.149,5.414,0.046,520.0,-0.11,0.0,0.4,45.4,-81.36,28.475,32.387
28.14,64.85,7.568,5.315,0.108,881.0,-0.11,0.0,-0.1,34.0,81.0,20.569,32.241
28.25,64.72,7.417,5.266,-0.027,1510.0,-0.35,0.0,-0.2,66.2,81.0,29.114,32.408
28.26,65.15,8.14,5.578,0.075,801.0,-0.15,0.0,0.0,60.4,81.0,34.907,32.383
28.34,64.52,7.096,5.391,0.021,563.0,-0.4,0.0,-0.1,33.4,81.0,39.597,32.369
28.21,65.04,6.941,5.409,0.082,1031.0,-0.39,0.0,0.1,67.4,-81.36,37.587,32.409
28.29,64.71,5.906,5.698,0.059,814.0,-0.35,0.0,0.0,10.8,81.0,33.351,32.475
28.24,64.84,8.201,5.542,0.028,2090.0,-0.44,0.0,-0.1,66.8,98.0,25.625,32.419
28.25,64.92,7.757,5.447,0.026,426.0,-0.39,0.0,0.1,10.4,81.0,38.927,32.225
28.22,64.87,8.274,5.629,0.047,1466.0,-0.43,0.0,0.1,44.0,98.0,37.963,32.386
28.23,65.1,8.403,5.14,-0.002,2175.0,-0.43,0.0,0.1,50.0,81.0,29.614,32.346
28.31,64.92,5.858,5.088,0.099,2134.0,-0.43,0.0,-0.1,25.2,81.0,26.197,32.436
28.23,64.59,5.894,5.146,0.062,2181.0,-0.11,0.0,-0.1,44.8,-81.36,24.924,32.348
28.2,64.71,7.688,5.288,-0.016,828.0,-0.35,0.0,0.4,11.8,81.0,29.046,32.311
28.19,64.89,7.64,5.182,0.131,2563.0,-0.4,0.0,-0.1,54.6,98.0,31.783,32.326
28.18,65.06,6.915,5.272,0.023,877.0,-0.3,0.0,-0.1,59.4,81.0,29.547,32.199
28.24,64.64,8.339,5.417,0.09,794.0,-0.43,0.0,-0.1,34.8,-23.36,29.114,32.293
28.19,64.51,6.757,5.386,0.071,1670.0,-0.04,0.0,-0.2,49.2,98.0,39.731,32.364
28.19,64.97,7.294,5.441,0.082,1025.0,-0.11,0.0,-0.2,45.4,98.0,30.954,32.394
28.16,64.77,6.775,5.321,0.023,2267.0,-0.48,0.0,-0.05,57.6,81.0,24.6,32.314
28.18,64.66,6.967,5.32,0.054,1958.0,-0.04,0.0,-0.1,23.4,81.0,30.217,32.353
28.23,65.17,7.887,5.6,-0.021,1534.0,-0.35,0.0,-0.2,43.8,98.0,29.48,32.434
28.25,65.09,7.924,5.57,0.052,732.0,-0.4,0.0,0.1,34.8,81.0,34.974,32.302
28.31,65.05,6.471,5.123,0.082,750.0,-0.35,0.0,0.3,66.6,81.0,23.986,32.381
28.22,65.0,6.604,5.258,0.031,991.0,0.17,0.0,-0.1,65.6,98.0,23.919,32.41
28.28,64.92,7.617,5.457,0.037,2978.0,-0.44,0.0,0.0,31.4,-81.36,37.895,32.406
28.26,64.85,5.977,5.023,0.084,736.0,0.19,0.0,-0.2,47.0,81.0,26.197,32.454
28.2,64.57,6.874,5.445,0.016,1966.0,0.13,0.0,-0.1,10.0,81.0,39.798,32.302
28.2,65.05,7.285,5.444,0.06,1372.0,-0.4,0.0,0.4,20.2,-81.36,37.922,32.39
28.24,64.68,8.146,5.423,0.045,474.0,0.41,0.0,-0.2,17.4,98.0,38.927,32.368
28.24,65.17,6.193,5.281,0.12,924.0,-0.48,0.0,0.0,49.2,98.0,27.068,32.417
28.12,64.65,7.924,5.424,-0.017,1235.0,-0.35,0.0,-0.1,18.6,-81.36,26.733,32.342
28.27,65.01,7.513,5.444,0.11,907.0,-0.44,0.0,-0.1,65.4,-81.36,30.82,32.437
28.27,64.8,7.868,5.436,0.112,1122.0,-0.3,0.0,-0.3,10.6,81.0,26.398,32.41
28.32,65.05,7.861,5.509,0.029,625.0,0.2,0.0,0.4,50.4,81.0,34.974,32.51
28.16,64.91,6.426,5.462,0.043,1122.0,-0.48,0.0,-0.2,61.2,81.0,37.922,32.244
28.28,64.66,6.088,5.438,0.091,1016.0,0.41,0.0,0.4,10.0,98.0,39.597,32.428
28.26,64.78,6.945,5.214,0.001,2184.0,-0.15,0.0,0.1,60.4,-22.36,24.656,32.366
28.24,64.52,7.152,5.364,0.075,1581.0,-0.11,0.0,-0.1,30.2,81.0,39.731,32.266
28.28,65.01,7.911,5.258,0.023,576.0,-0.35,0.0,-0.1,55.4,81.0,27.336,32.443
28.23,65.09,6.032,5.481,0.171,1175.0,-0.35,0.0,0.0,33.2,81.0,30.887,32.323
28.24,64.7,7.914,5.678,0.104,548.0,0.15,0.0,0.0,39.2,98.0,38.927,32.481
28.12,64.81,7.58,5.185,0.074,279.0,-0.11,0.0,0.1,14.0,81.0,24.532,32.204
28.25,64.88,8.511,5.756,0.008,2438.0,-0.44,0.0,-0.1,10.0,98.0,38.167,32.444
28.25,64.53,7.109,5.249,0.033,1242.0,-0.35,0.0,-0.1,79.2,98.0,21.038,32.38
28.24,65.07,6.583,5.538,0.043,558.0,-0.36,0.0,-0.2,45.6,81.0,30.954,32.349
28.18,64.99,8.219,5.56,0.09,464.0,0.41,0.0,-0.2,50.6,98.0,26.532,32.323
28.25,64.92,7.045,5.441,0.104,688.0,-0.36,0.0,-0.1,34.2,98.0,30.753,32.482
28.26,64.67,6.203,5.418,0.103,938.0,0.0,0.0,-0.1,63.0,81.0,28.542,32.343
28.31,64.61,6.368,5.417,0.044,672.0,-0.43,0.0,0.0,37.4,98.0,39.53,32.529
28.25,64.71,8.033,5.438,0.07,582.0,-0.43,0.0,-0.2,35.2,-81.36,39.128,32.271
28.28,64.64,7.625,5.422,0.071,645.0,-0.36,0.0,0.4,54.0,98.0,29.25,32.429
28.28,65.06,6.532,5.312,0.095,1739.0,0.13,0.0,0.1,30.0,81.0,29.614,32.28
28.23,64.68,8.113,5.502,0.068,767.0,0.2,0.0,0.0,61.4,98.0,39.195,32.313
28.26,65.09,6.888,5.254,-0.031,1073.0,0.45,0.0,0.4,10.0,81.0,29.279,32.451
28.32,64.66,6.036,5.106,-0.004,2709.0,-0.35,0.0,0.2,26.0,98.0,24.455,32.524
28.23,64.67,5.92,5.323,0.006,1194.0,0.41,0.0,-0.1,18.0,98.0,29.114,32.431
28.27,64.94,7.667,5.255,0.097,1167.0,0.16,0.0,0.4,10.0,81.0,29.48,32.459
28.26,64.95,6.033,5.391,0.11,1052.0,-0.48,0.0,0.4,33.6,81.0,30.753,32.354
28.29,64.83,7.496,5.108,-0.001,2016.0,-0.44,0.0,-0.1,37.6,81.0,25.795,32.335
28.12,64.65,6.35,5.302,0.074,1834.0,0.41,0.0,0.0,15.8,98.0,39.664,32.266
28.18,64.52,7.068,5.241,0.067,1656.0,-0.07,0.0,-0.2,21.6,98.0,20.971,32.406
28.27,64.79,8.137,5.554,0.061,941.0,-0.43,0.0,-0.2,22.2,81.0,38.994,32.332
28.3,65.05,6.859,5.383,0.111,1020.0,0.19,0.0,0.0,10.0,98.0,30.887,32.442
28.27,64.71,7.42,5.569,-0.027,976.0,0.16,0.0,0.0,38.0,81.0,275.31,32.429
28.27,64.73,6.575,5.31,0.06,1052.0,-0.48,0.0,-0.2,61.6,81.0,29.748,32.354
28.23,64.82,6.662,5.337,0.033,2000.0,0.2,0.0,0.3,34.4,-81.36,24.397,32.445
28.21,64.85,7.468,5.495,0.026,2238.0,0.0,0.0,-0.1,10.0,-81.36,26.398,32.539
28.26,64.51,5.941,5.117,0.042,2437.0,0.16,0.0,0.0,54.6,98.0,24.991,32.451
28.19,64.91,7.628,5.752,0.034,540.0,0.11,0.0,0.2,45.8,98.0,33.283,32.401
28.24,64.53,6.99,5.274,0.077,1596.0,-0.35,0.0,0.0,11.6,81.0,20.971,32.243
28.27,64.55,7.222,5.27,-0.007,1200.0,-0.09,0.0,-0.1,24.8,-22.36,20.971,32.439
28.14,64.83,6.393,5.478,0.086,1253.0,-0.19,0.0,-0.1,10.0,81.0,38.056,32.288
28.15,64.81,7.671,5.147,0.034,2714.0,0.0,0.0,0.0,49.8,81.0,24.465,32.402
28.34,64.69,6.907,5.344,0.126,1242.0,-0.35,0.0,-0.1,54.4,81.0,28.81,32.435
28.23,64.97,7.099,5.494,0.069,1022.0,-0.44,0.0,-0.2,44.4,98.0,31.155,32.353
28.3,64.69,7.925,5.738,0.055,770.0,-0.4,0.0,0.0,52.0,81.0,38.927,32.372
28.22,64.72,7.46,5.303,0.107,2492.0,-0.35,0.0,-0.2,20.8,81.0,30.15,32.394
28.26,64.84,6.667,5.195,0.126,2250.0,-0.4,0.0,0.2,30.8,-81.36,24.589,32.345
28.29,65.03,5.923,5.741,0.06,1338.0,-0.39,0.0,-0.3,10.0,81.0,23.05,32.441
28.18,64.98,6.865,5.47,0.099,1000.0,-0.4,0.0,-0.1,56.2,81.0,30.552,32.207
28.26,65.1,6.778,5.585,0.144,294.0,0.15,0.0,-0.1,32.0,81.0,27.403,32.316
28.16,64.97,7.63,5.257,-0.032,1059.0,-0.3,0.0,-0.3,36.0,81.0,29.48,32.32
28.26,64.86,7.053,5.234,0.106,442.0,-0.44,0.0,-0.2,31.4,81.0,273.24,32.359
28.31,64.92,5.925,4.516,0.005,1999.0,-0.43,0.0,0.4,65.6,98.0,25.929,32.543
28.34,64.61,6.983,5.525,0.005,2189.0,-0.11,0.0,0.4,10.0,81.0,29.011,32.284
28.22,64.77,7.574,5.764,0.014,412.0,0.16,0.0,-0.2,10.0,81.0,33.283,32.391
28.24,64.92,8.265,5.513,0.081,1565.0,-0.3,0.0,-0.2,10.0,81.0,38.031,32.231
28.25,65.16,6.786,5.485,0.027,1134.0,0.16,0.0,-0.2,69.6,81.0,27.47,32.199
28.39,64.78,6.025,5.829,0.075,686.0,0.11,0.0,-0.1,21.4,81.0,23.256,32.458
28.25,64.88,6.75,5.682,0.077,836.0,-0.11,0.0,-0.1,26.8,81.0,23.392,32.23
28.38,64.71,6.263,5.363,0.105,519.0,0.13,0.0,-0.1,35.4,-81.36,39.463,32.423
28.26,64.69,5.687,5.431,0.033,1079.0,-0.35,0.0,-0.1,13.6,98.0,28.609,32.464
28.27,64.61,6.118,5.441,0.139,861.0,-0.35,0.0,0.1,58.4,98.0,39.53,32.461
28.26,64.52,7.083,5.399,0.086,1113.0,-0.4,0.0,0.0,17.2,98.0,29.078,32.408
28.22,64.98,7.472,5.169,0.104,1535.0,-0.43,0.0,-0.2,24.4,81.0,29.882,32.272
28.26,64.93,8.42,5.472,0.101,2799.0,-0.35,0.0,0.3,45.8,98.0,25.286,32.409
28.23,64.55,7.285,5.262,0.006,944.0,0.19,0.0,-0.1,60.8,98.0,21.038,32.499
28.32,64.89,7.546,5.639,0.083,1285.0,0.11,0.0,-0.1,48.4,81.0,35.041,32.29
28.26,64.71,7.939,5.74,0.13,931.0,-0.35,0.0,-0.1,38.8,81.0,38.927,32.395
28.28,64.96,7.548,5.364,0.082,1298.0,-0.11,0.0,-0.1,45.2,-81.36,38.86,32.37
28.26,64.96,7.65,5.541,-0.107,2809.0,-0.4,0.0,0.4,43.4,-81.36,37.759,32.493
28.17,65.13,7.366,5.411,0.047,956.0,0.15,0.0,-0.1,19.8,-81.36,37.922,32.32
28.26,64.86,8.515,5.622,0.08,1577.0,-0.36,0.0,-0.1,30.0,98.0,38.099,32.541
28.27,64.81,7.086,5.387,-0.008,1809.0,-0.19,0.0,-0.1,10.0,98.0,30.083,32.384
28.21,64.87,5.986,5.51,0.065,1106.0,0.0,0.0,0.0,10.0,98.0,30.753,32.336
28.3,65.12,7.971,5.445,0.071,540.0,-0.35,0.0,0.1,21.0,98.0,34.84,32.553
28.15,64.76,7.476,5.227,-0.057,1554.0,0.45,0.0,-0.1,38.8,98.0,31.851,32.239
28.23,64.84,7.361,5.142,0.09,834.0,-0.11,0.0,-0.1,50.6,98.0,24.397,32.351
28.28,64.74,6.906,5.173,0.088,1916.0,-0.36,0.0,0.2,19.8,98.0,24.656,32.462
28.18,64.93,7.705,5.629,0.154,711.0,-0.04,0.0,0.0,34.0,81.0,33.419,32.215
28.1,64.78,6.163,5.437,0.067,904.0,0.19,0.0,0.0,64.0,81.0,38.123,32.287
28.31,64.66,5.913,5.537,0.067,1193.0,-0.3,0.0,-0.2,44.8,81.0,35.309,32.235
28.19,64.88,7.459,5.502,0.083,1087.0,-0.11,0.0,0.0,55.2,98.0,35.175,32.26
28.34,64.76,6.737,5.341,0.064,1252.0,0.16,0.0,0.1,55.8,-81.36,29.815,32.394
28.22,64.54,8.285,5.47,0.09,1170.0,0.0,0.0,-0.2,48.0,98.0,39.664,32.392
28.18,64.89,7.825,5.44,0.047,2125.0,-0.48,0.0,0.3,54.8,98.0,26.532,32.482
28.26,64.49,6.085,5.137,0.081,1681.0,-0.04,0.0,0.0,59.0,81.0,25.058,32.369
28.31,65.02,7.246,5.26,0.052,947.0,0.41,0.0,-0.2,27.8,81.0,29.413,32.325
28.31,65.11,7.879,5.634,0.099,855.0,0.19,0.0,-0.1,27.8,-81.36,34.907,32.286
28.19,64.86,7.809,5.213,0.071,1875.0,-0.43,0.0,0.1,36.8,98.0,31.919,32.262
28.29,65.04,7.702,5.27,0.085,649.0,-0.39,0.0,0.0,11.6,98.0,31.021,32.459
28.26,64.76,7.585,5.267,0.062,1351.0,0.19,0.0,-0.1,60.6,98.0,28.909,32.325
28.19,65.04,8.375,5.482,0.092,2888.0,0.0,0.0,-0.1,49.6,-81.36,37.895,32.307
28.26,64.98,7.342,5.331,0.134,1811.0,-0.48,0.0,-0.1,20.2,81.0,29.882,32.368
28.25,64.9,7.812,5.194,0.092,2186.0,-0.07,0.0,-0.1,21.4,81.0,31.919,32.202
28.28,64.92,8.335,5.284,-0.015,834.0,0.0,0.0,-0.2,10.0,81.0,27.47,32.333
28.24,64.73,6.434,5.409,0.105,1096.0,-0.35,0.0,-0.1,40.4,-22.36,28.609,32.369
28.3,65.06,7.948,5.555,0.13,560.0,0.19,0.0,0.4,53.8,-81.36,34.907,32.453
28.24,64.8,6.892,5.228,0.067,2505.0,0.19,0.0,0.2,47.2,-81.36,31.715,32.49
28.22,64.93,8.249,5.199,-0.017,378.0,-0.4,0.0,0.2,10.2,81.0,27.537,32.385
28.36,64.8,6.894,5.502,0.127,873.0,-0.11,0.0,-0.1,10.0,81.0,31.088,32.289
28.2,64.56,6.891,5.307,0.01,798.0,-0.04,0.0,0.0,13.2,98.0,21.038,32.451
28.22,65.06,6.312,5.2,0.048,1617.0,0.45,0.0,-0.1,41.2,81.0,29.48,32.243
28.23,64.62,7.356,5.237,0.072,225.0,0.13,0.0,0.1,58.4,81.0,276.0,32.192
28.32,64.85,8.05,5.627,0.019,1768.0,-0.41,0.0,-0.1,10.0,81.0,25.489,32.375
28.26,64.75,8.02,5.519,0.059,522.0,-0.4,0.0,0.0,43.8,98.0,26.398,32.611
28.12,64.92,6.247,5.429,0.093,747.0,0.2,0.0,0.0,53.8,81.0,37.989,32.315
28.22,65.03,6.885,5.261,0.052,1014.0,-0.4,0.0,0.4,47.6,81.0,29.346,32.329
28.25,64.99,7.251,5.208,0.033,705.0,0.45,0.0,-0.2,61.2,81.0,29.815,32.324
28.23,64.48,6.891,5.058,0.059,1978.0,-0.4,0.0,0.0,49.6,98.0,25.192,32.402
28.31,64.82,7.832,5.58,0.033,1806.0,-0.39,0.0,-0.1,53.8,81.0,25.625,32.313
28.16,65.05,8.114,5.141,0.049,1992.0,0.19,0.0,0.1,31.2,81.0,29.614,32.223
28.33,64.73,5.995,5.744,0.111,916.0,0.41,0.0,-0.1,61.2,81.0,33.419,32.437
28.2,64.93,5.821,5.416,0.101,1311.0,-0.43,0.0,0.0,26.0,81.0,28.475,32.299
28.3,64.86,7.577,5.611,0.067,2792.0,-0.36,0.0,-0.1,44.8,81.0,38.031,32.399
28.27,64.9,7.918,5.51,0.016,2760.0,0.41,0.0,-0.1,54.4,81.0,25.557,32.276
28.17,65.0,7.272,5.482,-0.04,1996.0,-0.35,0.0,0.1,30.2,98.0,37.721,32.417
28.3,64.82,7.381,5.332,0.08,414.0,0.49,0.0,0.4,63.0,81.0,272.55,32.37
28.27,64.66,8.156,5.385,0.018,1037.0,0.13,0.0,-0.2,10.0,98.0,28.977,32.496
28.19,64.64,7.109,5.406,0.127,1623.0,-0.48,0.0,-0.1,22.0,81.0,28.81,32.243
28.31,64.66,8.452,5.393,0.001,355.0,-0.19,0.0,-0.1,55.4,98.0,29.182,32.455
28.23,65.03,6.734,5.584,0.037,1248.0,-0.3,0.0,0.0,40.8,81.0,25.489,32.406
28.19,65.05,7.29,5.561,0.103,2060.0,-0.11,0.0,0.4,55.4,-81.36,37.654,32.316
28.29,64.74,8.103,5.353,0.06,570.0,-0.43,0.0,-0.1,61.0,81.0,28.977,32.328
28.28,65.09,7.633,5.516,0.05,661.0,-0.43,0.0,0.4,59.6,-81.36,27.537,32.389
28.21,65.15,7.024,5.566,0.114,1176.0,-0.19,0.0,0.0,63.0,-81.36,27.403,32.281
28.3,65.07,5.934,5.66,0.092,1071.0,0.13,0.0,0.2,69.0,81.0,23.119,32.33
28.19,64.6,6.455,5.421,0.085,955.0,-0.35,0.0,-0.2,11.0,81.0,39.597,32.245
28.23,65.15,7.058,5.59,0.027,1180.0,-0.43,0.0,-0.2,60.8,81.0,27.336,32.291
28.28,65.0,7.7,5.423,0.06,1198.0,-0.4,0.0,0.0,52.4,81.0,38.86,32.282
28.31,64.91,7.312,5.1,0.095,723.0,-0.48,0.0,-0.1,62.4,98.0,25.996,32.493
28.18,64.78,6.609,5.443,0.089,596.0,0.2,0.0,0.4,19.6,81.0,24.388,32.28
28.19,64.72,7.45,5.159,0.115,3191.0,-0.43,0.0,0.4,50.0,81.0,24.6,32.369
28.27,64.87,7.299,5.823,0.058,1491.0,0.13,0.0,-0.25,31.6,81.0,23.119,32.432
28.29,64.98,5.782,5.072,0.085,1803.0,-0.44,0.0,0.1,45.6,81.0,25.996,32.301
28.32,64.84,5.974,4.731,0.062,537.0,-0.4,0.0,-0.1,44.2,81.0,26.331,32.495
28.32,64.81,6.262,5.478,0.101,1063.0,-0.48,0.0,0.2,11.8,98.0,25.625,32.461
28.31,65.1,6.424,5.28,0.119,1009.0,-0.3,0.0,-0.2,25.4,81.0,29.212,32.391
28.25,64.68,6.991,5.68,0.045,756.0,-0.44,0.0,-0.2,39.2,81.0,33.419,32.35
28.33,64.85,6.351,5.451,-0.03,1158.0,-0.36,0.0,-0.1,46.0,98.0,25.557,32.555
28.19,64.72,5.148,5.332,-0.054,1324.0,0.0,0.0,-0.2,36.0,98.0,29.25,32.328
28.21,64.95,7.543,5.164,0.081,1040.0,-0.3,0.0,0.4,17.0,81.0,29.815,32.32
28.2,64.91,5.934,4.886,0.024,631.0,-0.39,0.0,0.1,10.8,81.0,26.264,32.273
28.23,64.87,7.237,5.835,0.098,1556.0,-0.48,0.0,-0.1,37.2,-81.36,23.256,32.402
28.17,64.88,7.511,5.301,0.085,889.0,-0.35,0.0,0.0,10.0,81.0,20.636,32.252
28.18,64.88,8.179,5.894,0.015,2319.0,-0.48,0.0,-0.2,10.0,81.0,24.397,32.269
28.24,65.06,6.047,5.538,-0.009,751.0,-0.4,0.0,-0.1,65.4,98.0,27.47,32.445
